segment,moment,shear,curvature,trench,te_km,moment_axis,shear_axis,kappa_axis,moment_max,shear_max,kappa_max
aleutian_01,1.45974e+15,-5.56758e+11,1.48357e-06,aleutian,7.36775,1.45974e+15,-5.56758e+11,-5.86578e-07,-3.69197e+15,-5.56758e+11,1.48357e-06
aleutian_02,1.82714e+15,-5.05335e+11,1.07606e-06,aleutian,7.98903,1.82714e+15,-5.05335e+11,-5.75896e-07,-3.41401e+15,-5.05335e+11,1.07606e-06
aleutian_03,3.60304e+15,-7.29517e+11,1.15269e-06,aleutian,8.82726,3.60304e+15,-7.29517e+11,-8.41871e-07,-4.93327e+15,-7.29517e+11,1.15269e-06
aleutian_04,6.13789e+15,-8.51953e+11,-1.25419e-06,aleutian,9.23075,6.13789e+15,-8.51953e+11,-1.25419e-06,6.13789e+15,-8.51953e+11,-1.25419e-06
aleutian_05,3.12273e+15,-6.32562e+11,1.0167e-06,aleutian,8.64555,3.12273e+15,-6.32562e+11,-7.76625e-07,-4.08806e+15,-6.32562e+11,1.0167e-06
aleutian_06,2.24281e+15,-3.23081e+11,-4.43833e-07,aleutian,9.32987,2.24281e+15,-3.23081e+11,-4.43833e-07,2.24281e+15,-3.23081e+11,-4.43833e-07
aleutian_07,2.10384e+16,-8.04688e+11,-5.77586e-07,aleutian,18.0226,2.10384e+16,-8.04688e+11,-5.77586e-07,2.10384e+16,-8.04688e+11,-5.77586e-07
hikurangi_01,1.27852e+18,-1.20274e+13,-6.84518e-07,hikurangi,66.9564,1.27852e+18,-1.20274e+13,-6.84518e-07,1.27852e+18,-1.20274e+13,-6.84518e-07
izu-bonin_01,1.10832e+16,-1.45483e+12,-2.01625e-06,izu-bonin,9.59529,1.10832e+16,-1.45483e+12,-2.01625e-06,1.10832e+16,-1.45483e+12,-2.01625e-06
izu-bonin_02,1.73654e+16,-1.77746e+12,-2.45035e-06,izu-bonin,10.4433,1.73654e+16,-1.77746e+12,-2.45035e-06,1.73654e+16,-1.77746e+12,-2.45035e-06
izu-bonin_03,1.93827e+16,-1.84089e+12,-2.44807e-06,izu-bonin,10.8363,1.93827e+16,-1.84089e+12,-2.44807e-06,1.93827e+16,-1.84089e+12,-2.44807e-06
izu-bonin_04,2.21686e+16,-1.99518e+12,-2.19032e-06,izu-bonin,11.7606,2.21686e+16,-1.99518e+12,-2.19032e-06,2.21686e+16,-1.99518e+12,-2.19032e-06
japan_01,5.1713e+15,-6.70855e+11,-8.79881e-07,japan,9.81168,5.1713e+15,-6.70855e+11,-8.79881e-07,5.1713e+15,-6.70855e+11,-8.79881e-07
japan_02,7.85992e+15,-8.32325e+11,-1.22954e-06,japan,10.0904,7.85992e+15,-8.32325e+11,-1.22954e-06,7.85992e+15,-8.32325e+11,-1.22954e-06
japan_03,7.67014e+15,-9.1389e+11,-1.1651e-06,japan,10.1898,7.67014e+15,-9.1389e+11,-1.1651e-06,7.67014e+15,-9.1389e+11,-1.1651e-06
kermadec_01,2.09811e+16,-1.40878e+12,-1.64934e-06,kermadec,12.6918,2.09811e+16,-1.40878e+12,-1.64934e-06,2.09811e+16,-1.40878e+12,-1.64934e-06
kermadec_02,1.4618e+16,-1.56247e+12,-2.30419e-06,kermadec,10.0649,1.4618e+16,-1.56247e+12,-2.30419e-06,1.4618e+16,-1.56247e+12,-2.30419e-06
kermadec_03,1.5236e+16,-1.65487e+12,-2.32555e-06,kermadec,10.1734,1.5236e+16,-1.65487e+12,-2.32555e-06,1.5236e+16,-1.65487e+12,-2.32555e-06
kermadec_04,1.50187e+16,-1.64292e+12,-2.45334e-06,kermadec,9.94587,1.50187e+16,-1.64292e+12,-2.45334e-06,1.50187e+16,-1.64292e+12,-2.45334e-06
kermadec_05,2.43914e+15,-8.51095e+11,2.27126e-06,kermadec,7.3734,2.43914e+15,-8.51095e+11,-9.77887e-07,-5.66519e+15,-8.51095e+11,2.27126e-06
kuril-kamchatka_01,8.3303e+15,-1.16524e+12,-1.68282e-06,kuril-kamchatka,9.26599,8.3303e+15,-1.16524e+12,-1.68282e-06,8.3303e+15,-1.16524e+12,-1.68282e-06
kuril-kamchatka_02,2.68766e+15,-7.95556e+11,1.91842e-06,kuril-kamchatka,7.54878,2.68766e+15,-7.95556e+11,-1.00415e-06,-5.13476e+15,-7.95556e+11,1.91842e-06
kuril-kamchatka_03,1.06446e+15,-4.22738e+11,1.2395e-06,kuril-kamchatka,7.15897,1.06446e+15,-4.22738e+11,-4.66263e-07,-2.82972e+15,-4.22738e+11,1.2395e-06
kuril-kamchatka_04,2.59886e+16,-1.68118e+12,-1.84753e-06,kuril-kamchatka,13.1245,2.59886e+16,-1.68118e+12,-1.84753e-06,2.59886e+16,-1.68118e+12,-1.84753e-06
kuril-kamchatka_05,-2.12659e+14,-1.38291e+11,1.89843e-06,kuril-kamchatka,4.02301,-2.12659e+14,-1.38291e+11,5.24908e-07,-7.6912e+14,-1.38291e+11,1.89843e-06
manila_01,2.61951e+14,-3.11587e+11,1.21489e-06,manila,6.64816,2.61951e+14,-3.11587e+11,-1.43275e-07,-2.2212e+15,-3.11587e+11,1.21489e-06
manila_02,6.88759e+17,-9.1829e+12,-9.8933e-07,manila,48.1867,6.88759e+17,-9.1829e+12,-9.8933e-07,6.88759e+17,-9.1829e+12,-9.8933e-07
mariana_01,1.58916e+17,-6.20186e+12,-3.41174e-06,mariana,19.5621,1.58916e+17,-6.20186e+12,-3.41174e-06,1.58916e+17,-6.20186e+12,-3.41174e-06
mariana_02,1.26049e+16,-1.58775e+12,-2.27095e-06,mariana,9.62635,1.26049e+16,-1.58775e+12,-2.27095e-06,1.26049e+16,-1.58775e+12,-2.27095e-06
mariana_03,1.61204e+16,-1.51621e+12,-2.20198e-06,mariana,10.557,1.61204e+16,-1.51621e+12,-2.20198e-06,1.61204e+16,-1.51621e+12,-2.20198e-06
mariana_04,1.08993e+15,-3.43046e+11,9.55899e-07,mariana,6.56912,1.08993e+15,-3.43046e+11,-6.1792e-07,-1.68609e+15,-3.43046e+11,9.55899e-07
mariana_05,2.96285e+15,-5.91557e+11,9.28982e-07,mariana,8.8067,2.96285e+15,-5.91557e+11,-6.97146e-07,-3.94814e+15,-5.91557e+11,9.28982e-07
mariana_06,1.0342e+16,-1.12258e+12,-1.69036e-06,mariana,9.94398,1.0342e+16,-1.12258e+12,-1.69036e-06,1.0342e+16,-1.12258e+12,-1.69036e-06
middle_america_01,3.18195e+15,-8.18263e+11,1.67774e-06,middle_america,7.98646,3.18195e+15,-8.18263e+11,-1.00389e-06,-5.31781e+15,-8.18263e+11,1.67774e-06
middle_america_02,2.52193e+15,-6.97051e+11,1.62472e-06,middle_america,7.66338,2.52193e+15,-6.97051e+11,-9.00587e-07,-4.54973e+15,-6.97051e+11,1.62472e-06
middle_america_03,1.06407e+15,-4.31368e+11,1.11129e-06,middle_america,7.44104,1.06407e+15,-4.31368e+11,-4.15071e-07,-2.84888e+15,-4.31368e+11,1.11129e-06
middle_america_04,4.06096e+15,-6.96037e+11,8.724e-07,middle_america,9.36533,4.06096e+15,-6.96037e+11,-7.94538e-07,-4.45892e+15,-6.96037e+11,8.724e-07
middle_america_05,8.41379e+15,-7.07254e+11,-1.04398e-06,middle_america,10.9006,8.41379e+15,-7.07254e+11,-1.04398e-06,8.41379e+15,-7.07254e+11,-1.04398e-06
middle_america_06,2.54166e+14,-1.88988e+11,1.24474e-06,middle_america,4.88363,2.54166e+14,-1.88988e+11,-3.50705e-07,-9.02095e+14,-1.88988e+11,1.24474e-06
new_britain_01,5.06522e+17,-1.02711e+13,-3.08295e-06,new_britain,29.778,5.06522e+17,-1.02711e+13,-3.08295e-06,5.06522e+17,-1.02711e+13,-3.08295e-06
new_britain_02,2.52077e+17,-7.29884e+12,-3.52948e-06,new_britain,22.5576,2.52077e+17,-7.29884e+12,-3.52948e-06,2.52077e+17,-7.29884e+12,-3.52948e-06
new_britain_03,1.4944e+17,-5.57346e+12,-3.84201e-06,new_britain,18.4213,1.4944e+17,-5.57346e+12,-3.84201e-06,1.4944e+17,-5.57346e+12,-3.84201e-06
new_hebrides_01,1.91446e+17,-4.48413e+12,-1.46899e-06,new_hebrides,27.5651,1.91446e+17,-4.48413e+12,-1.46899e-06,1.91446e+17,-4.48413e+12,-1.46899e-06
new_hebrides_02,2.70118e+17,-6.85911e+12,-2.95239e-06,new_hebrides,24.4988,2.70118e+17,-6.85911e+12,-2.95239e-06,2.70118e+17,-6.85911e+12,-2.95239e-06
new_hebrides_03,2.47046e+16,-2.42214e+12,-3.7433e-06,new_hebrides,10.1983,2.47046e+16,-2.42214e+12,-3.7433e-06,2.47046e+16,-2.42214e+12,-3.7433e-06
new_hebrides_04,9.93068e+16,-4.28989e+12,-3.40851e-06,new_hebrides,16.7298,9.93068e+16,-4.28989e+12,-3.40851e-06,9.93068e+16,-4.28989e+12,-3.40851e-06
palau_01,4.7344e+15,-8.64808e+11,1.3589e-06,palau,8.55964,4.7344e+15,-8.64808e+11,-1.21326e-06,-5.30276e+15,-8.64808e+11,1.3589e-06
peru-chile_01,1.84093e+15,-4.86194e+11,7.93137e-07,peru-chile,8.89716,1.84093e+15,-4.86194e+11,-4.20086e-07,-3.47574e+15,-4.86194e+11,7.93137e-07
peru-chile_02,5.67768e+15,-8.59926e+11,-1.14388e-06,peru-chile,9.2743,5.67768e+15,-8.59926e+11,-1.14388e-06,5.67768e+15,-8.59926e+11,-1.14388e-06
peru-chile_03,8.25919e+15,-1.1221e+12,-1.40107e-06,peru-chile,9.82148,8.25919e+15,-1.1221e+12,-1.40107e-06,8.25919e+15,-1.1221e+12,-1.40107e-06
peru-chile_04,8.33165e+15,-1.18971e+12,-2.07587e-06,peru-chile,8.6403,8.33165e+15,-1.18971e+12,-2.07587e-06,8.33165e+15,-1.18971e+12,-2.07587e-06
peru-chile_05,1.41795e+16,-1.61727e+12,-2.2989e-06,peru-chile,9.97084,1.41795e+16,-1.61727e+12,-2.2989e-06,1.41795e+16,-1.61727e+12,-2.2989e-06
philippine_01,2.91753e+15,-6.49915e+11,1.31572e-06,philippine,7.84549,2.91753e+15,-6.49915e+11,-9.7098e-07,-3.95337e+15,-6.49915e+11,1.31572e-06
philippine_02,7.557e+15,-1.166e+12,-1.7632e-06,philippine,8.83149,7.557e+15,-1.166e+12,-1.7632e-06,7.557e+15,-1.166e+12,-1.7632e-06
philippine_03,7.44978e+15,-1.31155e+12,2.01034e-06,philippine,8.65085,7.44978e+15,-1.31155e+12,-1.84936e-06,-8.09824e+15,-1.31155e+12,2.01034e-06
philippine_04,4.52784e+15,-1.25115e+12,2.51025e-06,philippine,8.13463,4.52784e+15,-1.25115e+12,-1.35186e-06,-8.40769e+15,-1.25115e+12,2.51025e-06
philippine_05,1.36777e+16,-1.15998e+12,-1.56515e-06,philippine,11.1988,1.36777e+16,-1.15998e+12,-1.56515e-06,1.36777e+16,-1.15998e+12,-1.56515e-06
puysegur_01,-1.68135e+14,-2.31837e+11,2.13643e-06,puysegur,4.79835,-1.68135e+14,-2.31837e+11,2.44589e-07,-1.46862e+15,-2.31837e+11,2.13643e-06
ryukyu_01,2.10867e+15,-4.48271e+11,-1.28756e-06,ryukyu,6.40863,2.10867e+15,-4.48271e+11,-1.28756e-06,2.10867e+15,-4.48271e+11,-1.28756e-06
ryukyu_02,5.86269e+14,-1.57208e+11,6.25058e-07,ryukyu,5.87294,5.86269e+14,-1.57208e+11,-4.65142e-07,-7.87828e+14,-1.57208e+11,6.25058e-07
ryukyu_03,2.16742e+15,-3.42279e+11,-7.75166e-07,ryukyu,7.65951,2.16742e+15,-3.42279e+11,-7.75166e-07,2.16742e+15,-3.42279e+11,-7.75166e-07
san_cristobal_01,4.86802e+15,-8.65675e+11,-1.19987e-06,san_cristobal,8.67144,4.86802e+15,-8.65675e+11,-1.19987e-06,4.86802e+15,-8.65675e+11,-1.19987e-06
san_cristobal_02,2.51346e+16,-2.00018e+12,-2.97964e-06,san_cristobal,11.0676,2.51346e+16,-2.00018e+12,-2.97964e-06,2.51346e+16,-2.00018e+12,-2.97964e-06
tonga_01,1.76236e+16,-1.85951e+12,-2.73775e-06,tonga,10.1139,1.76236e+16,-1.85951e+12,-2.73775e-06,1.76236e+16,-1.85951e+12,-2.73775e-06
tonga_02,2.16891e+16,-1.96951e+12,-2.87806e-06,tonga,10.6594,2.16891e+16,-1.96951e+12,-2.87806e-06,2.16891e+16,-1.96951e+12,-2.87806e-06
tonga_03,1.18411e+16,-1.51128e+12,-2.49948e-06,tonga,9.13129,1.18411e+16,-1.51128e+12,-2.49948e-06,1.18411e+16,-1.51128e+12,-2.49948e-06
tonga_04,1.25303e+16,-1.43129e+12,-1.7014e-06,tonga,10.578,1.25303e+16,-1.43129e+12,-1.7014e-06,1.25303e+16,-1.43129e+12,-1.7014e-06
vityaz_01,3.10554e+15,-9.94473e+11,1.53146e-06,vityaz,8.82727,3.10554e+15,-9.94473e+11,-7.25624e-07,-6.55436e+15,-9.94473e+11,1.53146e-06
yap_01,1.66615e+15,-7.77358e+11,6.241e-06,yap,4.37146,1.66615e+15,-7.77358e+11,-3.20545e-06,-3.24398e+15,-7.77358e+11,6.241e-06
yap_02,5.2553e+15,-1.23264e+12,2.0823e-06,yap,8.59603,5.2553e+15,-1.23264e+12,-1.32971e-06,-8.22969e+15,-1.23264e+12,2.0823e-06
yap_03,4.00888e+16,-3.52144e+12,-3.80414e-06,yap,11.9199,4.00888e+16,-3.52144e+12,-3.80414e-06,4.00888e+16,-3.52144e+12,-3.80414e-06
