segment,trench,zone,w_b,Te,mdot,mmax,outer_rise,depth_med
aleutian_01,aleutian,4,828.5048804420942,29.124546471497407,14.424754067087381,7.87,0.0122249388753056,28.4
aleutian_02,aleutian,4,759.4512276408909,29.041990152637,14.238181157488285,7.94,0.0222222222222222,35.7
aleutian_03,aleutian,2,659.9357085824714,34.67581476141525,13.25677663003237,6.97,0.0149253731343283,21.8
aleutian_04,aleutian,4,532.4540408689013,47.59136781173899,13.277597008545232,7.25,0.0208333333333333,33.25
aleutian_05,aleutian,2,315.826675961208,14.925683013197451,12.885789872757583,6.9,0.036036036036036,21.4
aleutian_06,aleutian,2,260.8995754747863,18.732630311501502,13.278994298343987,6.94,0.037037037037037,20.0
aleutian_07,aleutian,2,186.75867455972627,11.56496158723343,12.80456739161383,6.87,0.0357142857142857,25.35
aleutian_08,aleutian,2,90.18799370789102,7.493361824843429,12.624629529802347,6.61,0.04,21.8
aleutian_09,aleutian,2,200.7730130863821,33.82940653523535,12.927824697072824,6.92,0.0769230769230769,36.95
aleutian_10,aleutian,4,300.3154584867493,33.12678449349853,14.200204849609715,7.85,0.0172413793103448,35.849999999999994
aleutian_11,aleutian,4,468.060485561144,32.565137753655314,14.643535728493031,8.25,0.03125,33.1
aleutian_13,aleutian,2,308.2652843153153,54.14615122469833,12.937274655596239,6.8,0.0,28.7
aleutian_14,aleutian,2,612.2610600297171,62.980587787067975,13.087152654506479,6.96,0.0,18.85
izu-bonin_01,izu-bonin,2,1060.6212910854656,19.77766853199029,12.48587076010414,6.55,0.0384615384615384,57.6
izu-bonin_02,izu-bonin,3,1281.5355132876916,59.407105477415385,13.451177532262312,7.43,0.4754098360655737,17.3
izu-bonin_03,izu-bonin,2,131.07683800745534,12.503199232258128,12.327441091277477,6.53,0.1063829787234042,16.6
izu-bonin_04,izu-bonin,2,571.0248128999438,24.08402876145349,12.808088145279543,6.81,0.0526315789473684,18.95
izu-bonin_05,izu-bonin,2,206.20602201933264,17.3565725131453,12.781128569694037,6.35,0.079646017699115,17.1
izu-bonin_06,izu-bonin,2,429.9917700631976,23.675172738129124,12.43150740858935,6.15,0.0224719101123595,22.9
izu-bonin_07,izu-bonin,2,652.3120500957621,28.623254098765585,13.054847265688535,6.81,0.1666666666666666,16.4
japan_01,japan,4,625.4812545369692,69.66152517286594,14.098605935665956,7.73,0.0235690235690235,27.7
japan_02,japan,3,519.5502553957838,58.14743687585678,13.997996663346875,7.59,0.0666666666666666,29.75
japan_03,japan,4,250.00094218280617,27.836501418877667,15.889241401109643,9.08,0.1336405529953917,19.6
japan_04,japan,2,361.02276767833615,28.73188833359881,13.524465164123933,7.1,0.0211480362537764,27.9
japan_05,japan,4,625.8875223177348,43.97577198150645,14.169799751570807,7.89,0.0025188916876574,36.1
kermadec_01,kermadec,3,169.62128327534532,72.15114585820936,13.640958461467005,7.25,0.0852713178294573,18.4
kermadec_02,kermadec,2,149.2840323118563,45.00885576703864,12.977514423990526,6.86,0.0185185185185185,25.0
kermadec_03,kermadec,4,164.43744439977962,31.63938291933099,13.434268908058211,7.4,0.034090909090909,21.6
kermadec_04,kermadec,4,228.6071915843144,30.23788661431385,13.700572189871888,7.44,0.0105263157894736,21.3
kermadec_05,kermadec,4,595.876636236015,19.39262161159525,13.788695676230896,7.29,0.0247678018575851,33.7
kermadec_06,kermadec,4,125.99663981826993,12.554439744857511,14.638135119368442,8.07,0.0662100456621004,23.05
kermadec_07,kermadec,3,1371.462719952823,81.42386480803654,14.432750109015931,7.88,0.0576368876080691,19.2
kermadec_08,kermadec,2,1168.828236008492,17.978208730279988,13.166348772508947,6.96,0.0185185185185185,18.75
kermadec_09,kermadec,4,827.9721413538683,21.035844896392653,14.089667889019077,7.84,0.0408163265306122,74.85
kermadec_10,kermadec,4,202.80837408488264,16.546567196726095,14.04836714941542,7.57,0.048780487804878,22.7
kuril-kamchatka_01,kuril-kamchatka,4,482.88321943139726,23.177657089741217,14.729858903415604,8.26,0.0054644808743169,42.7
kuril-kamchatka_03,kuril-kamchatka,4,413.56724388539794,28.2068660381632,14.684519124096944,8.25,0.0048780487804878,51.9
kuril-kamchatka_06,kuril-kamchatka,4,714.2403343709535,36.38905014259448,13.882728592300476,7.56,0.0122699386503067,32.8
kuril-kamchatka_07,kuril-kamchatka,3,1033.0541822700238,71.22052424746563,14.436871994730238,8.1,0.0730337078651685,19.15
kuril-kamchatka_08,kuril-kamchatka,3,812.5402356194626,56.21599545966576,14.738716179024461,8.3,0.1073825503355704,26.0
kuril-kamchatka_09,kuril-kamchatka,2,650.1176244238231,45.505043580148914,13.001197748751522,6.48,0.0056818181818181,40.9
kuril-kamchatka_10,kuril-kamchatka,4,304.1383798572523,46.27880344660272,13.538242572368008,7.48,0.0266666666666666,43.4
kuril-kamchatka_11,kuril-kamchatka,2,552.9224863635184,45.257908072536026,13.036316139472742,6.82,0.0526315789473684,51.9
kuril-kamchatka_12,kuril-kamchatka,4,194.31840785803368,11.352812222017128,13.671638206604062,7.47,0.0212765957446808,34.95
kuril-kamchatka_13,kuril-kamchatka,2,173.25509987627203,19.922898488196136,13.062491634473664,6.84,0.0,31.0
kuril-kamchatka_14,kuril-kamchatka,2,443.82578239652463,24.104476642247835,12.477678741373497,6.42,0.0416666666666666,42.1
kuril-kamchatka_15,kuril-kamchatka,4,1028.7793218161155,33.126001897445086,14.08856750045636,7.75,0.0582010582010582,26.1
manila_06,manila,2,836.6195287504889,41.203303119847206,12.595528373878336,6.58,0.0,26.4
manila_07,manila,2,258.3491492947699,20.24880519683057,13.149459024684733,6.68,0.1174242424242424,27.05
mariana_01,mariana,2,170.98916750605832,19.95642693452853,12.47184255751188,6.01,0.0069444444444444,16.15
mariana_02,mariana,4,159.27169933361387,16.470516628334604,13.994781961882746,7.76,0.0116279069767441,41.2
mariana_03,mariana,2,944.7234427137782,40.25679377245042,12.708381942985191,6.47,0.0089285714285714,30.05
mariana_04,mariana,2,544.7784273155281,29.03769591901942,12.346974008014703,6.5,0.0,15.0
mariana_05,mariana,3,1460.4291391024226,12.691441504016597,13.424567021095674,7.41,0.2564102564102564,15.0
mariana_06,mariana,2,1593.4938546436206,33.01725726169127,12.310613389075426,6.46,0.1052631578947368,18.45
mariana_07,mariana,2,109.45419768742316,36.11584800140666,12.681318429439356,6.51,0.03,36.55
mariana_09,mariana,1,2002.9431402853693,29.758259733584044,13.276296981794985,7.25,0.0317460317460317,139.0
mariana_10,mariana,2,755.0571154042681,37.92203607927348,12.173794608251027,6.26,0.0,23.6
mariana_11,mariana,2,116.45366461884676,43.78986410851366,12.365773708556548,6.58,0.0238095238095238,15.0
mariana_12,mariana,4,57.45671286946473,31.87481449915537,13.89702331354676,7.61,0.0217391304347826,26.85
mariana_13,mariana,2,556.0326273144348,6.913928085698944,12.474873712006541,6.54,0.0,31.6
middle_america_01,middle_america,4,57.28179849207599,4.603272828255717,14.11788044790409,7.71,0.0195530726256983,38.3
middle_america_02,middle_america,4,52.75180724623426,4.96343236824802,13.789774249329271,7.37,0.0038022813688212,26.3
middle_america_03,middle_america,2,48.57872027812107,5.620023072717938,13.098506039841785,6.84,0.0061349693251533,28.0
middle_america_04,middle_america,4,148.53312261085273,13.135779527869962,14.61922839411422,8.23,0.0,31.1
middle_america_05,middle_america,4,540.3037762485563,32.93941429753217,13.991423210056633,7.75,0.064516129032258,24.0
middle_america_06,middle_america,4,491.31392621966535,52.10972326140002,13.756694631712692,7.46,0.0097087378640776,19.4
middle_america_07,middle_america,2,241.57094589974164,25.89053171269789,13.492703524241342,7.35,0.074074074074074,24.65
middle_america_08,middle_america,2,74.14289854310923,11.8887502309229,13.347912159922707,7.27,0.0,27.2
middle_america_09,middle_america,4,42.43781345959613,8.131764542609542,14.326014786532637,7.96,0.0,49.0
middle_america_10,middle_america,2,44.04525455730922,23.116097083887745,13.42557682801647,7.16,0.0,32.0
middle_america_11,middle_america,3,983.7161324735456,89.84353308204459,13.510380802565598,7.47,0.0638297872340425,18.0
new_britain_01,new_britain,4,1508.7304799328908,63.68416837616967,13.923569388563532,7.39,0.0042016806722689,47.15
new_britain_02,new_britain,2,226.04037528175536,23.17220469727877,13.593085625951181,7.32,0.0909090909090909,27.0
new_britain_03,new_britain,4,228.2072620055203,27.33685490242084,14.139935206216732,7.46,0.0588235294117647,32.0
new_britain_04,new_britain,4,175.20536348798123,43.49317378862271,14.89248669945947,8.0,0.0440060698027314,40.0
new_hebrides_01,new_hebrides,4,1109.153134486165,27.21209418373944,14.71304470556041,7.82,0.0113122171945701,48.95
new_hebrides_04,new_hebrides,4,172.50285184002087,46.35914798834944,14.140066930591917,7.42,0.0205992509363295,22.1
new_hebrides_05,new_hebrides,2,190.0218347731937,35.90400366423635,13.596588103538332,7.3,0.06,31.0
new_hebrides_06,new_hebrides,3,2077.7344361763685,99.43840212240283,14.017312971653418,7.38,0.0787878787878787,28.7
new_hebrides_07,new_hebrides,3,2406.1040097102787,85.07439204810754,14.112078086832126,7.53,0.3398692810457516,18.75
new_hebrides_08,new_hebrides,3,2487.456112354016,120.22174086922064,14.275269873830775,7.67,0.1870967741935484,19.05
new_hebrides_09,new_hebrides,3,145.49580205643036,60.34162312830313,13.889648705136482,7.68,0.1153846153846153,21.3
peru-chile_01,peru-chile,4,35.79994939941949,10.06306678238992,15.421572386703195,8.78,0.0607476635514018,19.15
peru-chile_02,peru-chile,4,391.231036226488,14.543590592400072,14.226422915090202,7.94,0.0081967213114754,23.2
peru-chile_03,peru-chile,4,424.59360065698223,27.998191125541663,13.694526615724266,7.37,0.0138888888888888,33.95
peru-chile_04,peru-chile,4,94.85995503773552,19.87833136185064,14.679025581764867,8.27,0.014388489208633,35.4
peru-chile_05,peru-chile,2,98.50965180525353,13.244137085150204,13.235724974034563,6.79,0.0212765957446808,40.95
peru-chile_06,peru-chile,2,76.52618766887119,13.454632111384026,13.011947030758636,6.86,0.0344827586206896,35.7
peru-chile_07,peru-chile,2,99.1165928243011,6.665367512223049,13.090372046525815,6.83,0.0151515151515151,31.75
peru-chile_08,peru-chile,4,87.06834362917351,16.437582198306515,13.780819224676485,7.62,0.0,34.7
peru-chile_09,peru-chile,3,1404.683530374892,121.42728555593416,14.350514303352288,7.99,0.0,57.1
peru-chile_10,peru-chile,4,913.8067873924584,54.68500946643779,14.1968446561643,7.73,0.004524886877828,29.6
philippine_01,philippine,3,343.46064300845734,61.23864202351909,13.47838639654602,7.22,0.0441176470588235,19.65
philippine_02,philippine,3,808.8802720645219,67.54439665076481,13.629450418096184,7.15,0.0666666666666666,19.1
philippine_03,philippine,2,571.3593644359396,75.88293865566041,12.905620292521403,6.8,0.0256410256410256,17.35
philippine_04,philippine,3,319.6022736469283,38.41082931625399,13.800600606546057,7.62,0.1601941747572815,21.35
philippine_05,philippine,2,296.0236126765987,30.513159325888832,13.204016378294128,6.9,0.0,25.5
philippine_06,philippine,4,129.90302576609017,10.120918201545456,13.839010421449384,7.52,0.0446428571428571,27.9
philippine_07,philippine,4,412.1888094369988,11.767179058133753,13.884469885859055,7.43,0.0101010101010101,74.0
philippine_08,philippine,4,340.8562165662486,22.967462020976672,13.86545169879266,7.49,0.0086705202312138,36.0
philippine_09,philippine,2,369.6220187963088,22.28910512858687,13.351939576588123,6.96,0.0,35.900000000000006
philippine_10,philippine,2,275.71435860001486,17.245383983857508,12.942308377809674,6.54,0.0,40.650000000000006
philippine_11,philippine,1,1323.40860641284,28.10788212356656,13.294295084167306,6.94,0.0,103.1
puysegur_01,puysegur,4,656.5431161939779,43.66497873917808,14.020357226716008,7.78,0.0,18.3
ryukyu_01,ryukyu,1,2591.906620480183,102.97618198542898,12.803083146190305,6.97,0.0210526315789473,24.9
ryukyu_02,ryukyu,1,2746.4270977486235,133.73567639692803,11.958871916028626,6.01,0.015625,12.4
ryukyu_03,ryukyu,1,2252.6998156504405,53.96690755837204,13.220723329057657,7.1,0.016260162601626,26.7
ryukyu_04,ryukyu,1,2180.4021442454923,134.35936345791703,12.03519604694049,6.35,0.0,31.8
ryukyu_06,ryukyu,1,2331.8255464406134,80.36394768052297,12.651811786630937,6.66,0.0147058823529411,31.1
ryukyu_11,ryukyu,1,2363.868671965388,79.07097210192902,12.179707546391713,6.26,0.0,21.65
san_cristobal_01,san_cristobal,4,677.7699964111063,11.88306983571598,14.065335726980614,7.53,0.0,21.8
san_cristobal_02,san_cristobal,4,1103.6049471196638,34.3184869281865,14.320609846068905,7.8,0.0,41.5
san_cristobal_03,san_cristobal,4,586.6854167682172,51.58509933450915,14.041757361285796,7.63,0.0367647058823529,21.85
san_cristobal_04,san_cristobal,4,66.03270532647116,50.33875005488117,14.427070999230928,7.91,0.0307692307692307,18.7
tonga_01,tonga,4,118.87769760363624,15.371080514565412,14.519365576943146,8.03,0.0289855072463768,27.15
tonga_02,tonga,2,93.62435760888609,20.958373362827004,13.321456731856358,6.9,0.0121580547112462,18.0
tonga_03,tonga,4,93.98992980145012,15.323219657105264,14.230904482690498,7.97,0.0164609053497942,19.4
tonga_04,tonga,2,106.03445648902996,12.273662218382348,13.391847520540006,7.06,0.1008064516129032,18.75
tonga_05,tonga,2,104.09766550851356,10.77587878565124,13.63402136842629,7.23,0.1061224489795918,21.8
tonga_06,tonga,2,465.2664414648933,37.0412043142772,13.45588556744031,7.28,0.0470588235294117,22.8
tonga_07,tonga,4,1046.339767687312,33.63072941043951,14.512190329831034,8.08,0.0147368421052631,23.7
yap_03,yap,2,877.9041722249905,27.69518917348055,12.357688012964362,6.44,0.0333333333333333,15.0
yap_04,yap,2,1529.5014838599486,42.31302064780829,12.52401759455757,6.59,0.046875,15.65
yap_05,yap,2,1580.9450579904967,42.79822880548095,12.816344207452653,6.89,0.0655737704918032,15.0
