segment,n,Te,Te_trench,Te_sea,Te_ratio,x_b,w_b,R,alpha,rms
aleutian_01,12,29.124546471497407,17.738068177259734,28.623896373804165,0.5723280341845877,91.0,828.5048804420942,1.9528499042786192,72.48854557760362,153.7850513933401
aleutian_02,12,29.041990152637,17.822670068487323,30.35512527595086,0.4682588733987143,93.5,759.4512276408909,2.0209238534273677,72.33417963050557,157.13622399870468
aleutian_03,12,34.67581476141525,12.244885024598364,56.568423785464155,0.21646148513943242,91.0,659.9357085824714,2.0308190008190317,82.62220936182567,131.5980815026355
aleutian_04,12,47.59136781173899,23.8045645181519,54.43678166070605,0.31939963430657864,128.5,532.4540408689013,2.8602810739864095,104.71082193824112,151.0965499505736
aleutian_05,12,14.925683013197453,6.114078158617097,52.966206314098784,0.17840364193228295,88.5,315.826675961208,4.9595480251735555,43.906445304456525,111.25710060112003
aleutian_06,12,18.732630311501502,7.988697841949708,22.662292301503673,0.41501242249536663,96.0,260.8995754747863,6.860671800379034,52.05952990611803,121.41526539058458
aleutian_07,12,11.56496158723343,4.45790458597028,35.826774317596254,0.10876039889363472,73.5,186.75867455972627,10.242400343176895,36.22033873712208,83.04524694407226
aleutian_08,12,7.493361824843429,15.31745246731019,67.80392472306386,0.29758568015136744,78.5,90.18799370789102,23.45915596956913,26.186632876628217,98.26048581632163
aleutian_09,12,33.82940653523535,8.415535405651557,72.71249929941993,0.12860569973047342,146.0,200.7730130863821,10.824517084631308,81.10437278087934,94.00106368857462
aleutian_10,12,33.12678449349853,13.46622233570142,42.90517860889789,0.26422761569305103,128.5,300.3154584867493,6.52446209473015,79.82666029600588,94.09138472744766
aleutian_11,12,32.565137753655314,12.557225293789532,40.57254405191573,0.2771708324127711,108.5,468.060485561144,3.6886254429318037,78.81687805107279,96.1721243265868
aleutian_12,12,43.47873860567634,11.78875910672541,72.0746582500592,0.19485488141094165,138.5,281.14440482758096,5.468336182592011,97.90052213585909,72.12375067919447
aleutian_13,12,54.14615122469833,10.960445567222983,53.291722903720775,0.14128628645980904,151.0,308.2652843153153,3.5659267132789427,115.4075839857367,72.45163161959897
aleutian_14,11,62.980587787067975,23.58133935999733,75.46090448187675,0.312497438533364,116.0,612.2610600297171,0.6176188691967096,129.26551870314884,108.81934567707759
aleutian_16,11,46.13245837177824,49.698805907017295,43.899396144379594,0.47241398481775343,146.0,686.5889025834653,0.9259232776611239,102.34876579998277,259.92696090545013
izu-bonin_01,14,19.777668531990294,24.16808189498841,51.00732961494314,0.5373289674982655,78.5,1060.6212910854656,3.1862488539670917,54.10843002535521,718.6455758657117
izu-bonin_02,14,59.407105477415385,42.36336161952746,42.50520017176368,0.9208836459538509,166.0,1281.5355132876916,2.7067837837605033,123.5119939338517,572.6973800136718
izu-bonin_03,14,12.503199232258128,12.428755874649173,43.98135162380878,0.2361234546996124,108.5,131.07683800745534,26.771836796617894,38.44521341064181,212.29227800498379
izu-bonin_04,14,24.084028761453492,27.109531200486934,65.94680887315566,0.3697711942267171,111.0,571.0248128999438,5.672154873240158,62.8579536197565,131.90583481534335
izu-bonin_05,14,17.3565725131453,24.440049803319802,40.20655695972211,0.7960472123154292,106.0,206.20602201933264,17.920479578919018,49.11068269259838,154.99759109712977
izu-bonin_06,14,23.675172738129124,16.213594232216224,33.9000116261414,0.468724696240535,121.0,429.99177006319763,7.924479967516605,62.05690636941186,175.30817136424028
izu-bonin_07,14,28.623254098765585,10.9485385540729,34.494470893796866,0.31715565206780394,121.0,652.3120500957621,4.722288023002996,71.52031639190781,188.33351393742558
japan_01,16,69.66152517286594,38.85567288857595,31.72503064091748,1.3287745044831922,166.0,625.4812545369692,2.521062949919851,139.41786300659123,81.9728421030378
japan_02,16,58.14743687585678,43.02733820299754,43.68780086219523,1.163839831456443,146.0,519.5502553957838,2.5905233448099234,121.7518423896634,62.7536435931151
japan_03,16,27.836501418877667,10.045479325471739,15.180645059618104,0.32160369667897293,146.0,250.00094218280617,8.261785442429947,70.05202057079453,231.8240819114235
japan_04,15,28.731888333598814,9.272478129823025,38.10902668546172,0.42015753970975284,116.0,361.02276767833615,4.659532682934308,71.75477194696684,219.37333316861665
japan_05,15,43.97577198150645,33.41047716825325,26.599200889998112,0.7750165011180133,136.0,625.8875223177348,3.2015282430827203,98.7387818902013,195.53129812945744
kermadec_01,14,72.15114585820936,24.129008000480795,29.979111002788727,0.5409198879554344,286.0,169.62128327534532,13.88627667919113,143.13445834246127,112.54464505891231
kermadec_02,14,45.00885576703864,20.452273390726923,28.421361094421368,0.6882259148637083,188.5,149.2840323118563,14.743133361312555,100.47318727527872,127.68319221569527
kermadec_03,14,31.63938291933099,18.50823866854389,13.58682785573049,1.9658339394531217,163.5,164.43744439977962,18.055734800924895,77.09197537712097,174.96692610775833
kermadec_04,14,30.23788661431385,10.122317729382235,41.22585257602963,0.22923608349139796,158.5,228.60719158431436,17.4827356029906,74.55738554400975,248.72455626778736
kermadec_05,14,19.392621611595246,23.443210837086188,42.117808393510714,0.2794725884339212,113.5,595.876636236015,6.80554124638466,53.420734444497114,290.51816378233127
kermadec_06,14,12.554439744857511,14.227470400231065,40.531944871620944,0.28175131913891166,111.0,125.99663981826993,28.296410911680848,38.56330838978002,378.25637018713974
kermadec_07,14,81.42386480803654,14.337068485290857,31.13489829859209,0.35437986680451616,206.0,1371.462719952823,3.1152875821428383,156.72598427954762,461.4521243232527
kermadec_08,14,17.978208730279988,45.636330520525746,84.7783675563955,0.9117756879901487,93.5,1168.828236008492,3.064515541906177,50.464152011455624,423.95466329167544
kermadec_09,13,21.035844896392653,9.27424827779135,89.72878017299297,0.22553793931842483,76.0,827.9721413538683,2.2806852354885327,56.79336888604415,242.247271727427
kermadec_10,13,16.546567196726095,9.783978158670662,51.10194411789287,0.17274691492824884,111.0,202.80837408488264,19.71994565790467,47.436058020591595,147.40253953080523
kuril-kamchatka_01,9,23.177657089741217,11.908890290381091,40.608242480972216,0.3435667511943649,116.0,482.88321943139726,3.301375970666147,61.07729729277718,164.45139869492226
kuril-kamchatka_03,9,28.2068660381632,8.751593451675586,31.093432052367362,0.4910030692999823,131.0,413.56724388539794,7.91149078633399,70.76911882339044,114.47536914198255
kuril-kamchatka_06,9,36.38905014259448,18.42511373790987,27.81355201217697,0.7178779666348098,121.0,714.2403343709535,4.261349512165419,85.66545001392723,153.46045013220404
kuril-kamchatka_07,9,71.22052424746563,14.728222270873829,76.63865534500952,0.2983375108173141,146.0,1033.0541822700238,2.36277959240917,141.75276395144476,211.3746583635438
kuril-kamchatka_08,9,56.21599545966576,6.8521360314286825,105.34089696835173,0.07200022862326001,131.0,812.5402356194626,3.241284596536786,118.70597792228689,197.29043405877044
kuril-kamchatka_09,9,45.505043580148914,9.528659966861628,96.31212363929646,0.10734395449682615,126.0,650.1176244238231,4.079057662654968,101.30300122407992,185.05521058598902
kuril-kamchatka_10,9,46.27880344660272,8.113852885489688,63.18323316973773,0.12388003634946076,146.0,304.1383798572523,5.824534842132743,102.59217857417799,101.12284855189556
kuril-kamchatka_11,9,45.257908072536026,21.959091023094608,43.127857099403684,0.2904951317293652,111.0,552.9224863635184,2.3046319614949593,100.8900919986189,120.31763503598087
kuril-kamchatka_12,8,11.352812222017128,32.00286019616796,25.04663057980011,1.068472989827304,71.0,194.31840785803368,8.245016149366215,35.57848558747715,156.94826145654235
kuril-kamchatka_13,8,19.922898488196136,2.7722406043576617,49.76886663099038,0.05439244145353892,81.0,173.25509987627203,9.069343925970308,54.366279562537514,155.00801978186834
kuril-kamchatka_14,8,24.104476642247835,12.534850225499635,36.530775257122905,0.3545826951166329,113.5,443.82578239652463,7.567741482192518,62.895853604175926,262.79437510959434
kuril-kamchatka_15,8,33.126001897445086,20.984327606364687,28.40126027237809,0.6005368557758098,96.0,1028.7793218161157,1.5210868071569523,79.80488004464456,178.7438177444281
manila_01,6,21.04159206167006,34.629298619628315,38.40394004948498,0.7600795198694473,96.0,357.13082016403575,7.047141353085344,56.69066081313028,456.38895971203664
manila_02,5,16.829890680562507,24.39750815257889,53.1771970580192,0.45238929461068234,101.0,237.40390413707394,10.209447942199366,48.043941814853774,769.6733565333714
manila_03,5,26.91352243711259,20.239260578484988,35.16720846453177,0.5099661348589437,96.0,515.9191036305926,3.011079908933567,68.32121285981923,349.1804594906238
manila_06,5,41.203303119847206,,,,96.0,836.6195287504889,0.8787375665358479,94.03221925490773,228.00626671304332
manila_07,5,20.24880519683057,16.254435663161807,59.69060989467003,0.5437358030730988,61.0,258.3491492947699,2.4805334631088867,55.19213735944951,136.4161476663494
mariana_01,10,19.95642693452853,29.890617722817858,58.623245168575565,0.45397943240723626,173.5,170.98916750605832,39.39850247692267,54.58337590977763,994.7141744049782
mariana_02,10,16.470516628334604,22.746624778477173,39.80006905574785,0.5011160647713861,143.5,159.27169933361387,36.909963516329874,47.2508112927456,658.8045829263251
mariana_03,10,40.25679377245042,39.46698869004658,19.81250392842494,1.3465458357570685,126.0,944.7234427137782,3.76555424472204,92.40013659064206,532.4736198915681
mariana_04,10,29.03769591901942,43.358841164618035,20.30104481842386,1.8674603262742535,106.0,544.7784273155281,6.565405663835076,72.30470866295059,324.32678318728324
mariana_05,10,12.691441504016595,15.516959686233694,22.027855992465028,0.6224108289468163,61.0,1460.4291391024226,2.056530385491098,38.84580959487367,373.6420377555045
mariana_06,10,33.01725726169127,36.43989470827891,59.26559934367127,0.5510864850096657,96.0,1593.4938546436206,1.475120804387239,79.62271288281335,684.5882175101101
mariana_07,10,36.11584800140666,30.68908989066461,86.90076398135074,0.35578837981190986,236.0,109.45419768742315,31.190345790139254,83.43155325900082,547.5124525763559
mariana_08,9,117.0998936889685,44.73247759502425,95.45251230275431,0.4471286091227857,166.0,2322.535539109176,0.636024965400387,205.82353679044795,961.3894814616787
mariana_09,9,29.758259733584044,28.808725571950745,23.679428839725926,1.1576254277722096,86.0,2002.9431402853693,0.513185554399832,73.66875131024183,402.91118478796017
mariana_10,9,37.92203607927348,30.76973645534202,27.165369581025278,0.9738706516128797,101.0,755.0571154042681,1.5201700197097683,88.35810567644592,279.48651397627975
mariana_11,9,43.78986410851366,16.5557262374029,29.393349861226913,0.7503014799437772,251.0,116.45366461884676,17.38141349335985,98.42555201262604,484.13742334247917
mariana_12,9,31.87481449915537,14.305833305234616,63.78909694741104,0.20833371428632122,206.0,57.45671286946473,35.71310601606849,77.56457381731424,110.00834505035864
mariana_13,9,6.913928085698944,7.392873052229982,44.73489110902982,0.1780459289566601,71.0,556.0326273144348,5.978652827809115,24.65308678636518,587.4674591795306
middle_america_01,12,4.603272828255717,6.8344226189199535,25.402422260624192,0.21653290950024487,61.0,57.28179849207599,44.25117894796101,18.16563368845975,56.503574606143886
middle_america_02,12,4.96343236824802,4.330638114582545,17.673767069762356,0.2380090691160746,66.0,52.751807246234264,49.48744145456537,19.227030944619038,104.80730576423464
middle_america_03,12,5.620023072717938,5.76667116264054,36.71203032524292,0.0830280952001599,71.0,48.57872027812107,51.8386396564311,21.088833571242162,89.43961380907234
middle_america_04,12,13.135779527869962,8.179677271857779,16.572502121930444,0.54130460673945,76.0,148.53312261085273,15.917163757403653,39.86722485646702,100.1038286463062
middle_america_05,12,32.93941429753217,23.729777884980706,42.322794352199885,0.3854965693876178,96.0,540.3037762485563,2.8577242031589547,79.49928758946847,154.98663900820463
middle_america_06,12,52.10972326140002,6.578082158135566,23.901575649875056,0.3372979348962604,103.5,491.31392621966535,2.4063421084151857,111.95162329309605,182.08063953629514
middle_america_07,11,25.890531712697886,19.552811860042357,24.718408339271917,0.6369757912557853,106.0,241.57094589974164,6.418935149182288,66.36412738740411,160.93084738596568
middle_america_08,11,11.888750230922899,10.292977115388506,16.37793354752152,0.5028990037025117,96.0,74.14289854310923,19.22090682312338,37.01943732399941,164.76588388317373
middle_america_09,11,8.131764542609542,17.41208235888122,58.12907406336521,0.25336053502668254,86.0,42.43781345959613,43.96847007808331,27.84301474334787,120.55703416678838
middle_america_10,11,23.116097083887745,9.596481304064927,57.7150322239889,0.22544203900141666,141.0,44.04525455730922,42.032968782165476,60.95559058476541,230.5024837129923
middle_america_11,11,89.84353308204459,9.089436912496385,62.92949072698954,0.13825267621755225,146.0,983.7161324735457,0.9363023427623546,168.7301830595938,277.6768303742834
new_britain_01,10,63.684168376169666,25.303151553183,87.91477078999739,0.38282234001135085,226.0,1508.7304799328908,11.415509246070057,124.7569148481562,589.330745839427
new_britain_02,9,23.172204697278772,48.1189613463459,22.418776690652482,2.111074885725465,231.0,226.04037528175536,24.973361261259065,61.066520949392576,559.2756956501152
new_britain_03,9,27.33685490242084,,,,261.0,228.2072620055203,27.34955155652734,69.12562512841295,641.4099274417185
new_britain_04,9,43.49317378862271,83.7599314029033,23.61676017119029,3.54663090092606,356.0,175.20536348798123,35.19577415249065,97.92497880821247,935.7420721632539
new_hebrides_01,11,27.21209418373944,21.913300193101783,57.31652949348088,0.3766839121181449,96.0,1109.153134486165,1.0301244257062245,68.88888176544636,458.4199061124012
new_hebrides_04,11,46.35914798834944,106.11567948530221,85.17258025608811,1.063456212315936,361.0,172.50285184002087,26.047242177475123,102.72573216915535,733.8460977609838
new_hebrides_05,11,35.90400366423635,75.57233370680984,85.10290174453837,0.7972925300247891,276.0,190.02183477319375,22.391917648221767,84.80760929929258,706.3412249592677
new_hebrides_06,10,99.43840212240283,19.980395918046376,66.20272605392563,0.3037021582491576,231.0,2077.7344361763685,2.4794791435960013,182.0719827080544,695.4198828591962
new_hebrides_07,10,85.07439204810754,10.64602221327839,56.565652847752105,0.17053233847435306,183.5,2406.1040097102787,2.0701283286954126,161.95987448079876,642.8565299946492
new_hebrides_08,10,120.22174086922064,23.89207015520949,63.95175350060974,0.32419234568550587,178.5,2487.456112354016,1.4320302221949348,209.92501755685652,472.63705948019754
new_hebrides_09,10,60.34162312830313,29.673972731093514,95.66885018354212,0.3274866809746113,273.5,145.49580205643036,36.71870247208962,125.18080726231702,454.02773733679453
palau_01,11,13.886818926283105,20.284878198963916,34.300250727988356,0.8435466788930608,66.0,610.9337007733658,5.209469297032937,41.59390931167501,288.4371953778343
peru-chile_01,13,10.06306678238992,8.486976067067191,32.75224163806298,0.2591265709643538,81.0,35.79994939941949,29.27236168686382,32.66821665915961,234.19850883497796
peru-chile_02,13,14.543590592400072,12.956801856340455,20.945165908443865,0.6325621759451465,71.0,391.231036226488,4.291489098273572,43.060730336517985,184.79199346892102
peru-chile_03,13,27.998191125541663,8.274730906433618,28.33265372575182,0.32918023529471985,101.0,424.59360065698223,4.492278210508275,70.37609115310025,140.42506503012154
peru-chile_04,13,19.878331361850638,24.180980402669828,21.383073705302202,1.0847861802378411,116.0,94.85995503773552,23.66793756139866,54.4330419763256,137.52825426943278
peru-chile_05,12,13.244137085150205,13.201261680085942,18.860657510078912,1.0219842482426622,103.5,98.50965180525351,23.593087379861,40.137116475345344,134.88745749480637
peru-chile_06,12,13.454632111384026,13.340660998728206,33.00642627403286,0.4862371040499829,111.0,76.52618766887119,32.46714108344415,40.61844349840567,212.2883785423428
peru-chile_07,12,6.665367512223049,11.848286313640537,61.15159547379174,0.19375269315284602,71.0,99.1165928243011,31.302811093536256,23.98100654445575,196.55209466356774
peru-chile_08,12,16.437582198306515,5.220371174635676,36.92818203100633,0.20922438861683526,103.5,87.06834362917351,38.22663202413476,47.1997253165848,363.01399976458515
peru-chile_09,12,121.42728555593416,8.794332260836692,69.54748160181923,0.12056446457317718,211.0,1404.6835303748921,2.4373162768599954,211.5003463975042,278.1448795099455
peru-chile_10,12,54.68500946643779,20.170928247739617,62.9980676443943,0.43447613876776303,166.0,913.8067873924583,4.056596205919783,116.2617990461732,216.7924273761211
philippine_01,11,61.23864202351909,9.340310616652859,27.70961083758317,0.3218563092880993,166.0,343.46064300845734,4.052295126675023,126.57467611532145,265.69158532541366
philippine_02,11,67.54439665076481,17.99993318684089,44.89066468174773,0.4024960881717703,141.0,808.8802720645219,3.0179049914793397,136.22902741688094,276.59523487249845
philippine_03,11,75.88293865566041,4.113107518637529,42.19508159008319,0.1380220291842284,176.0,571.3593644359396,3.4521818030029072,148.6571378470245,140.8412207995148
philippine_04,11,38.41082931625399,4.574230545250565,52.78270060894423,0.10955265940607425,151.0,319.6022736469283,9.856319972891495,89.2109006813309,146.68188615419504
philippine_05,11,30.513159325888832,5.591033085637846,42.22644240645658,0.17644647397416136,136.0,296.0236126765987,11.598420556999605,75.06596009854785,159.2755205410376
philippine_06,11,10.120918201545456,4.774501642829818,34.9808106375438,0.2006823567615767,91.0,129.90302576609017,22.453353454452124,32.80897006025344,126.20165609972892
philippine_07,11,11.767179058133753,8.460804771311258,55.0737197297363,0.16834284248530063,66.0,412.1888094369988,7.5269094948836255,36.735159734795445,156.2038816030525
philippine_08,11,22.967462020976672,12.516969331078885,102.45644582593694,0.12373074383149768,116.0,340.8562165662486,13.993230674351533,60.661398199989726,291.5310777248058
philippine_09,11,22.28910512858687,4.018694553536245,14.217134791036324,0.22672736797343013,86.0,369.62201879630874,9.356914722001516,59.312623702687496,215.81847484411193
philippine_10,10,17.245383983857508,28.66050957185726,76.08679020078162,0.49336387818428074,93.5,275.71435860001486,13.04694426589635,48.84969140115872,150.6282973466029
philippine_11,10,28.107882123566558,16.039614353657534,28.086557464709287,0.5201362593317601,51.0,1323.40860641284,0.9707454734973431,69.7642501120612,533.2289229560395
puysegur_01,21,43.664978739178075,14.351524437012271,21.114281975770655,0.40670902719202673,91.0,656.5431161939779,2.091384268214801,98.21495021873913,229.91652196887784
ryukyu_01,7,102.97618198542898,55.501761580902595,57.762707479184854,0.8662330710136715,151.0,2591.906620480183,0.5367534234109428,186.90901564130797,374.5231385487833
ryukyu_02,7,133.73567639692803,68.02777240541823,68.82876146459164,0.9270877295638174,211.0,2746.4270977486235,0.4566401994246318,227.3856848366572,611.2403976149238
ryukyu_03,6,53.966907558372036,45.083222768418715,59.057897123718156,0.6458846503260591,126.0,2252.6998156504405,0.6461499968288354,115.11594794172294,749.8185984667315
ryukyu_04,6,134.35936345791703,52.6994715796829,64.28928964743677,0.8316407318299682,231.0,2180.4021442454923,0.8821735587867524,228.1804667237272,744.6010629925505
ryukyu_06,6,80.36394768052297,38.88253476631298,38.433214119520876,0.8169673794463161,136.0,2331.8255464406134,0.18518810295696328,154.59060906320323,510.96329709349106
ryukyu_11,6,79.07097210192902,29.88316575650898,48.432567407519926,0.7991559101303689,156.0,2363.868671965388,0.22594061545629077,153.00048631783693,483.04569939980354
ryukyu_12,6,44.76272591330181,29.494686098382097,74.47076720599537,0.40093286775326104,371.0,38.615096351649356,25.360916389884505,99.8255807276397,360.9620722789367
ryukyu_13,6,32.87713451035791,34.20052470337198,46.32268859164228,0.7555563524633867,256.0,46.59078156036097,34.016074911482235,79.36697177695505,253.9347263459618
san_cristobal_01,11,11.88306983571598,18.930947199171545,63.9120690529975,0.25929422801350965,56.0,677.7699964111063,2.654726414681293,37.006170732142515,464.7107307671141
san_cristobal_02,10,34.3184869281865,42.50966600441685,26.804564733386993,0.9349473804586745,113.5,1103.6049471196638,2.318813290507439,81.96453853817398,784.9919434499354
san_cristobal_03,10,51.58509933450915,14.508076198978308,26.826589596841863,0.5431652915816142,181.0,586.6854167682172,6.10594292390563,111.1922162657736,647.4334770280881
san_cristobal_04,10,50.33875005488117,38.30196293371596,75.81208546878295,0.6758407457389395,348.5,66.03270532647116,52.52615219435606,109.25650338008602,509.1243507919952
tonga_01,14,15.371080514565412,6.756295162511298,22.37316750835018,0.21849949164872912,128.5,118.87769760363625,38.32146466876972,44.880812186050605,131.82275890773514
tonga_02,14,20.958373362827004,9.578012321686169,27.16350211016331,0.3778325740108404,153.5,93.62435760888607,39.241720265509315,56.63603778389016,137.38580211162224
tonga_03,14,15.323219657105263,13.034783713018928,52.696816066519226,0.24266209992467228,138.5,93.98992980145013,45.105859970023694,44.778727076942474,171.29965331028816
tonga_04,14,12.273662218382348,8.374271053795917,74.34669531564745,0.18877918583144107,121.0,106.03445648902996,36.96272523489617,37.91417699344103,173.40335439868858
tonga_05,14,10.775878785651239,26.65887085993574,24.1219997369175,1.1069635609321202,116.0,104.09766550851356,38.15173315187743,34.384422310309525,341.95749086812486
tonga_06,14,37.041204314277195,16.125271266284553,43.97062310194198,0.47413096655536785,141.0,465.2664414648933,6.724699989722161,86.80740547561487,170.70841085215397
tonga_07,13,33.63072941043951,19.84077831206507,46.963732126213685,0.40496024701468386,111.0,1046.3397676873121,2.5184241239341003,80.74764706822796,382.1501302953417
vityaz_01,3,30.951585880751598,5.29200370166728,15.270486402420218,0.3465456503245852,101.0,726.3201264739803,3.281283924536074,75.87345149491624,481.94063296654866
yap_01,15,10.095156686676324,9.397511835303053,17.434576882167143,0.5445916814803683,46.0,1873.235113118906,1.6997900170616245,32.746316803875686,304.7888930948001
yap_02,15,9.520343515094826,8.183935225764227,19.8974639924617,0.4090894641969992,41.0,2492.1727016295727,1.029221005329395,31.337700478416835,308.1694343325456
yap_03,15,27.69518917348055,25.221080190780523,13.472916635891831,1.7667361430567783,76.0,877.9041722249905,3.217703473040114,69.80409695347038,504.7427824699036
yap_04,14,42.31302064780829,8.236597232456633,29.246053215120405,0.3102106510946909,106.0,1529.5014838599486,2.49625552111697,95.90994648831199,542.3527522024124
yap_05,14,42.798228805480946,52.72939089894985,40.94291593991193,1.3749921636704,141.0,1580.9450579904967,3.6026826551647297,96.74890955864208,629.6722377098881
