segment,n_all,n_above,mc,b,sigma_b,mmax,mdot,n,dip,depth_med,depth_iqr,shallow_frac,outer_rise,f_thrust,f_normal,f_strike-slip,f_oblique,trench,w_b,Te,age_Ma,type
aleutian_01,409,272,5.199999999999999,0.8164784287924,0.04438680280021052,7.87,265921876706442.6,409.0,39.38744124146353,28.4,18.8,0.9193154034229828,0.0122249388753056,0.7555012224938875,0.0660146699266503,0.0366748166259168,0.1418092909535452,aleutian,828.5048804420942,29.124546471497407,55.0604004503,1.0
aleutian_02,135,71,5.299999999999999,0.9742467050594266,0.1250647486046783,7.94,173053806894641.5,135.0,44.851948108809886,35.7,30.65,0.9481481481481482,0.0222222222222222,0.8222222222222222,0.0666666666666666,0.0,0.1111111111111111,aleutian,759.4512276408909,29.041990152637,56.5821528028,1.0
aleutian_03,201,106,5.299999999999999,1.0849685383394896,0.09339966185496822,6.97,18062448840988.605,201.0,52.720972988473775,21.8,17.1,0.9552238805970148,0.0149253731343283,0.8507462686567164,0.0547263681592039,0.0149253731343283,0.0796019900497512,aleutian,659.9357085824714,34.67581476141525,56.8811732782,1.0
aleutian_04,48,14,5.599999999999998,,,7.25,18949467421554.42,48.0,,33.25,16.849999999999998,0.8958333333333334,0.0208333333333333,0.6041666666666666,0.0416666666666666,0.0208333333333333,0.3333333333333333,aleutian,532.4540408689013,47.59136781173899,62.0441554095,1.0
aleutian_05,111,45,5.299999999999999,,,6.9,7687583974127.385,111.0,,21.4,16.450000000000003,0.981981981981982,0.036036036036036,0.8648648648648649,0.063063063063063,0.045045045045045,0.027027027027027,aleutian,315.826675961208,14.925683013197451,60.2821446271,1.0
aleutian_06,135,97,5.199999999999999,0.927897901863774,0.07993687356435149,6.94,19010533216894.137,135.0,36.81071967273005,20.0,18.25,0.9481481481481482,0.037037037037037,0.7851851851851852,0.1111111111111111,0.0222222222222222,0.0814814814814814,aleutian,260.8995754747863,18.732630311501502,58.2140529502,1.0
aleutian_07,56,34,5.299999999999999,,,6.87,6376280172385.054,56.0,26.52142754491933,25.35,37.725,0.8392857142857143,0.0357142857142857,0.6428571428571429,0.2321428571428571,0.0,0.125,aleutian,186.75867455972627,11.56496158723343,55.68243695625,1.0
aleutian_08,75,38,5.199999999999999,,,6.61,4213369331853.878,75.0,,21.8,15.05,0.9466666666666668,0.04,0.7866666666666666,0.08,0.0666666666666666,0.0666666666666666,aleutian,90.18799370789102,7.493361824843429,53.7675909518,1.0
aleutian_09,52,33,5.299999999999999,,,6.92,8468854998852.476,52.0,,36.95,18.924999999999997,1.0,0.0769230769230769,0.75,0.0961538461538461,0.0384615384615384,0.1153846153846153,aleutian,200.7730130863821,33.82940653523535,52.43169515605,1.0
aleutian_10,58,34,5.199999999999999,,,7.85,158564093701467.75,58.0,,35.849999999999994,22.125,1.0,0.0172413793103448,0.6551724137931034,0.0517241379310344,0.1206896551724138,0.1724137931034483,aleutian,300.3154584867493,33.12678449349853,51.93715171855,1.0
aleutian_11,32,17,5.199999999999999,,,8.25,440084151143713.7,32.0,,33.1,19.475,0.9375,0.03125,0.75,0.125,0.0,0.125,aleutian,468.060485561144,32.565137753655314,51.7730844345,1.0
aleutian_12,8,6,5.1000000000000005,,,6.91,4368559499532.8164,,,,,,,,,,,,,,,
aleutian_13,44,32,5.1000000000000005,,,6.8,8655151129640.016,44.0,,28.7,31.075000000000003,0.9318181818181818,0.0,0.4772727272727273,0.0454545454545454,0.1136363636363636,0.3636363636363636,aleutian,308.2652843153153,54.14615122469833,,1.0
aleutian_14,42,22,5.199999999999999,,,6.96,12222291982213.1,42.0,,18.85,18.075,0.9523809523809524,0.0,0.4285714285714285,0.0714285714285714,0.2619047619047619,0.238095238095238,aleutian,612.2610600297171,62.980587787067975,,0.0
aleutian_15,36,22,5.0,,,7.93,142895704138885.94,36.0,,16.5,17.075000000000003,1.0,0.0555555555555555,0.0555555555555555,0.0555555555555555,0.6111111111111112,0.2777777777777778,aleutian,,,,1.0
aleutian_16,13,9,5.2,,,7.73,74660016099450.7,,,,,,,,,,,,,,,
hikurangi_01,65,30,5.3,,,6.57,3256414153620.395,65.0,,25.5,15.3,0.953846153846154,0.0307692307692307,0.3384615384615385,0.2307692307692307,0.0769230769230769,0.3538461538461538,hikurangi,,,128.20890593,0.0
izu-bonin_01,52,17,5.399999999999999,,,6.55,3061052372242.461,52.0,50.48444228442769,57.6,95.05,0.5384615384615384,0.0384615384615384,0.5961538461538461,0.0769230769230769,0.0769230769230769,0.25,izu-bonin,1060.6212910854656,19.77766853199029,138.3925421195,1.0
izu-bonin_02,61,41,5.0,,,7.43,28260349742800.75,61.0,,17.3,9.6,0.9508196721311476,0.4754098360655737,0.1147540983606557,0.6885245901639344,0.0655737704918032,0.1311475409836065,izu-bonin,1281.5355132876916,59.407105477415385,139.215851497,1.0
izu-bonin_03,47,18,5.299999999999999,,,6.53,2125402031145.3545,47.0,,16.6,10.699999999999998,0.9787234042553192,0.1063829787234042,0.6382978723404256,0.2340425531914893,0.0212765957446808,0.1063829787234042,izu-bonin,131.07683800745534,12.503199232258128,142.558179225,1.0
izu-bonin_04,76,55,5.0,1.0065822378709997,0.12009595613428997,6.81,6428181717440.02,76.0,,18.95,13.1,0.8421052631578947,0.0526315789473684,0.6710526315789473,0.1710526315789473,0.0263157894736842,0.131578947368421,izu-bonin,571.0248128999438,24.08402876145349,140.747028947,1.0
izu-bonin_05,113,68,5.199999999999999,1.0124108594247885,0.09864882139177043,6.35,6041274504036.872,113.0,,17.1,7.399999999999999,0.8849557522123894,0.079646017699115,0.7610619469026548,0.1504424778761062,0.0176991150442477,0.0707964601769911,izu-bonin,206.20602201933264,17.3565725131453,137.7332365115,1.0
izu-bonin_06,89,23,5.499999999999998,,,6.15,2700893182218.3647,89.0,33.04240334054093,22.9,46.0,0.8426966292134831,0.0224719101123595,0.6067415730337079,0.1685393258426966,0.0224719101123595,0.2022471910112359,izu-bonin,429.9917700631976,23.675172738129124,134.903635451,1.0
izu-bonin_07,150,95,5.1,0.9746745991214009,0.08417328827406124,6.81,11346117209954.355,150.0,29.699809025306813,16.4,19.65,0.9266666666666666,0.1666666666666666,0.38,0.2866666666666667,0.1666666666666666,0.1666666666666666,izu-bonin,652.3120500957621,28.623254098765585,133.070150012,1.0
japan_01,297,189,5.199999999999999,0.8827883101711615,0.05777040194520076,7.73,125489080087762.52,297.0,12.05600277823675,27.7,24.4,0.9696969696969696,0.0235690235690235,0.8686868686868687,0.0639730639730639,0.0134680134680134,0.0538720538720538,japan,625.4812545369692,69.66152517286594,133.1179605785,1.0
japan_02,240,118,5.299999999999999,0.817332517776451,0.06550422826804843,7.59,99539776975300.34,240.0,10.885192455399462,29.75,27.125,0.9666666666666668,0.0666666666666666,0.6208333333333333,0.2041666666666666,0.0166666666666666,0.1583333333333333,japan,519.5502553957838,58.14743687585678,134.5262977,1.0
japan_03,217,141,5.1,0.7368895541318704,0.06763757092242685,9.08,7748923994200791.0,217.0,,19.6,20.8,0.967741935483871,0.1336405529953917,0.3640552995391705,0.456221198156682,0.0414746543778801,0.1382488479262673,japan,250.00094218280617,27.836501418877667,136.095657644,1.0
japan_04,331,182,5.199999999999999,1.0987155366470924,0.07751272387210725,7.1,33455318140687.996,331.0,15.383671269812268,27.9,26.4,0.9637462235649548,0.0211480362537764,0.6163141993957704,0.2416918429003021,0.0211480362537764,0.120845921450151,japan,361.02276767833615,28.73188833359881,137.155315751,1.0
japan_05,397,233,5.199999999999999,1.1311269202264413,0.0714855451990158,7.89,147842654469704.28,397.0,13.136763175746095,36.1,31.2,0.9269521410579346,0.0025188916876574,0.7128463476070529,0.0931989924433249,0.0478589420654911,0.1460957178841309,japan,625.8875223177348,43.97577198150645,131.165013894,1.0
kermadec_01,129,62,5.299999999999999,0.9192986643223506,0.12192903762662463,7.25,43748025991717.8,129.0,41.6159878852316,18.4,13.2,0.8914728682170543,0.0852713178294573,0.1860465116279069,0.5038759689922481,0.0620155038759689,0.2480620155038759,kermadec,169.62128327534532,72.15114585820936,125.8757818065,1.0
kermadec_02,108,46,5.3999999999999995,,,6.86,9495425353272.578,108.0,42.2618654860497,25.0,39.0,0.8055555555555556,0.0185185185185185,0.5925925925925926,0.1296296296296296,0.0555555555555555,0.2222222222222222,kermadec,149.2840323118563,45.00885576703864,123.599063129,1.0
kermadec_03,176,106,5.199999999999999,1.2295730523970279,0.10445038642567098,7.4,27181217645521.598,176.0,51.21615571473394,21.6,31.175,0.9318181818181818,0.034090909090909,0.6363636363636364,0.1931818181818181,0.0284090909090909,0.1420454545454545,kermadec,164.43744439977962,31.63938291933099,120.767797786,1.0
kermadec_04,285,134,5.299999999999999,1.1030223763274385,0.0958028619868023,7.44,50184799094464.78,285.0,54.62757318638221,21.3,27.0,0.8947368421052632,0.0105263157894736,0.7649122807017544,0.1052631578947368,0.0105263157894736,0.119298245614035,kermadec,228.6071915843144,30.23788661431385,117.589932986,1.0
kermadec_05,323,126,5.3999999999999995,0.8954525400067042,0.07057591097985823,7.29,61474594997266.27,323.0,53.23532959067598,33.7,31.1,0.891640866873065,0.0247678018575851,0.739938080495356,0.0681114551083591,0.0402476780185758,0.1517027863777089,kermadec,595.876636236015,19.39262161159525,114.710140514,1.0
kermadec_06,438,296,5.199999999999999,0.8690587252796252,0.05039773910043474,8.07,434645431694628.9,438.0,53.367372557453095,23.05,22.75,0.9497716894977168,0.0662100456621004,0.817351598173516,0.1187214611872146,0.0159817351598173,0.047945205479452,kermadec,125.99663981826993,12.554439744857511,111.158754766,1.0
kermadec_07,347,257,5.1,0.8630146280765165,0.04856968538813919,7.88,270863264904495.75,347.0,52.924854887728976,19.2,15.0,0.9106628242074928,0.0576368876080691,0.7204610951008645,0.170028818443804,0.0172910662824207,0.0922190201729106,kermadec,1371.462719952823,81.42386480803654,106.76384893,1.0
kermadec_08,216,151,5.199999999999999,1.1363449448516914,0.0711166861393636,6.96,14667252634597.605,216.0,45.01428169984333,18.75,12.7,0.875,0.0185185185185185,0.7268518518518519,0.0648148148148148,0.0648148148148148,0.1435185185185185,kermadec,1168.828236008492,17.978208730279988,102.83475209,1.0
kermadec_09,98,50,5.3,1.0006785297309986,0.16053355484614273,7.84,122932832694417.58,98.0,48.30964933514944,74.85,124.1,0.5,0.0408163265306122,0.3673469387755102,0.173469387755102,0.0714285714285714,0.3877551020408163,kermadec,827.9721413538683,21.035844896392653,98.5539466046,1.0
kermadec_10,287,119,5.399999999999999,1.1905331339895617,0.12180155400392367,7.57,111780783511365.3,287.0,44.61150110270823,22.7,34.45,0.7630662020905923,0.048780487804878,0.5853658536585366,0.1428571428571428,0.0452961672473867,0.2264808362369338,kermadec,202.80837408488264,16.546567196726095,94.25797894365,1.0
kuril-kamchatka_01,183,62,5.499999999999998,0.8174334510625856,0.10654526290965642,8.26,536857350118261.56,183.0,20.635393026565488,42.7,35.349999999999994,0.7814207650273224,0.0054644808743169,0.6721311475409836,0.1092896174863388,0.0163934426229508,0.2021857923497267,kuril-kamchatka,482.88321943139726,23.177657089741217,131.98457953349998,1.0
kuril-kamchatka_02,59,31,5.299999999999999,,,6.98,10610638587529.78,59.0,26.196699979053854,58.8,48.85,0.6271186440677966,0.0,0.4745762711864407,0.0847457627118644,0.0169491525423728,0.423728813559322,kuril-kamchatka,,,131.5881394105,1.0
kuril-kamchatka_03,205,117,5.299999999999999,0.9969090520439584,0.0958782945803048,8.25,483636560701651.4,205.0,27.001787225633205,51.9,35.49999999999999,0.7560975609756098,0.0048780487804878,0.5170731707317073,0.0585365853658536,0.0292682926829268,0.3951219512195122,kuril-kamchatka,413.56724388539794,28.2068660381632,127.064486253,1.0
kuril-kamchatka_04,119,49,5.299999999999999,,,7.55,101729942196995.11,119.0,34.65529823724112,34.7,29.45,0.8319327731092437,0.0168067226890756,0.7563025210084033,0.0168067226890756,0.0252100840336134,0.2016806722689075,kuril-kamchatka,,,126.5365059265,1.0
kuril-kamchatka_05,126,79,5.299999999999999,0.7840325427412439,0.08470305936598375,7.88,169664698126326.06,126.0,37.669202700032606,32.75,28.625,0.8492063492063492,0.0396825396825396,0.7222222222222222,0.0873015873015873,0.0079365079365079,0.1825396825396825,kuril-kamchatka,,,123.68390214,0.0
kuril-kamchatka_06,163,41,5.599999999999998,,,7.56,76335858168682.48,163.0,38.60483099096989,32.8,25.25,0.803680981595092,0.0122699386503067,0.7423312883435583,0.0245398773006134,0.0306748466257668,0.2024539877300613,kuril-kamchatka,714.2403343709535,36.38905014259448,120.023711511,1.0
kuril-kamchatka_07,178,108,5.1,1.001362170058736,0.1000413009630618,8.1,273446264372489.94,178.0,44.40523956793138,19.15,26.875,0.9269662921348316,0.0730337078651685,0.6910112359550562,0.1404494382022472,0.0224719101123595,0.146067415730337,kuril-kamchatka,1033.0541822700238,71.22052424746563,117.929306733,1.0
kuril-kamchatka_08,149,83,5.199999999999999,0.966392546862461,0.11048131252668267,8.3,547918770947608.06,149.0,38.84783892932934,26.0,33.4,0.8053691275167785,0.1073825503355704,0.4832214765100671,0.2885906040268456,0.0335570469798657,0.1946308724832214,kuril-kamchatka,812.5402356194626,56.21599545966576,114.328486798,1.0
kuril-kamchatka_09,176,124,5.1,0.9952414665681593,0.07191623935461722,6.48,10027617249759.988,176.0,42.1393217901217,40.9,21.675000000000004,0.8636363636363636,0.0056818181818181,0.8295454545454546,0.0454545454545454,0.0,0.125,kuril-kamchatka,650.1176244238231,45.505043580148914,113.2348691065,1.0
kuril-kamchatka_10,75,52,5.1,0.899375271165633,0.10924156623719429,7.48,34533657098184.895,75.0,32.01891819079665,43.4,48.39999999999999,0.7066666666666667,0.0266666666666666,0.6133333333333333,0.0533333333333333,0.04,0.2933333333333333,kuril-kamchatka,304.1383798572523,46.27880344660272,112.331209489,1.0
kuril-kamchatka_11,57,43,5.1000000000000005,,,6.82,10872167620680.83,57.0,40.8340434785656,51.9,52.0,0.6666666666666666,0.0526315789473684,0.6666666666666666,0.1228070175438596,0.0,0.2105263157894736,kuril-kamchatka,552.9224863635184,45.257908072536026,111.3050199615,1.0
kuril-kamchatka_12,94,39,5.499999999999998,,,7.47,46950282158682.73,94.0,37.54679993817172,34.95,34.375,0.7978723404255319,0.0212765957446808,0.7978723404255319,0.0319148936170212,0.0,0.1702127659574468,kuril-kamchatka,194.31840785803368,11.352812222017128,109.425406228,1.0
kuril-kamchatka_13,145,93,5.199999999999999,1.182359098858385,0.11713670325556938,6.84,11547597411048.229,145.0,29.500749776533592,31.0,26.000000000000004,0.9103448275862068,0.0,0.903448275862069,0.0068965517241379,0.0,0.0896551724137931,kuril-kamchatka,173.25509987627203,19.922898488196136,107.996814842,1.0
kuril-kamchatka_14,72,48,5.199999999999999,,,6.42,3003853454110.1826,72.0,29.141556636036697,42.1,26.425000000000004,0.9166666666666666,0.0416666666666666,0.7083333333333334,0.1388888888888889,0.0416666666666666,0.1111111111111111,kuril-kamchatka,443.82578239652463,24.104476642247835,106.692101352,1.0
kuril-kamchatka_15,189,107,5.199999999999999,0.8312971299400329,0.07653847305308013,7.75,122621747338634.23,189.0,40.038393641348335,26.1,27.8,0.8677248677248677,0.0582010582010582,0.4285714285714285,0.1005291005291005,0.1693121693121693,0.3015873015873015,kuril-kamchatka,1028.7793218161155,33.126001897445086,105.103026183,1.0
manila_04,7,2,5.599999999999999,,,5.69,181806996614.52353,,,,,,,,,,,,,,,
manila_05,6,2,5.2,,,6.28,496118118985.5647,,,,,,,,,,,,,,,
manila_06,64,44,5.0,,,6.58,3940291700176.916,64.0,,26.4,23.525,0.953125,0.0,0.359375,0.28125,0.09375,0.265625,manila,836.6195287504889,41.203303119847206,41.1398743217,1.0
manila_07,264,130,5.299999999999999,1.2201919742256864,0.09340832524625989,6.68,14107791243673.03,264.0,46.40559118115928,27.05,20.7,0.928030303030303,0.1174242424242424,0.4469696969696969,0.2575757575757575,0.1515151515151515,0.1439393939393939,manila,258.3491492947699,20.24880519683057,54.7917033433,1.0
mariana_01,144,77,5.199999999999999,1.5826159539304476,0.13791600718271363,6.01,2963756759638.5,144.0,46.60418923139518,16.15,7.85,0.8888888888888888,0.0069444444444444,0.4027777777777778,0.2152777777777778,0.1527777777777778,0.2291666666666666,mariana,170.98916750605832,19.95642693452853,153.13168911999998,1.0
mariana_02,86,39,5.399999999999999,,,7.76,98805691483665.16,86.0,50.60157427955239,41.2,103.25,0.7093023255813954,0.0116279069767441,0.3720930232558139,0.1395348837209302,0.1627906976744186,0.3255813953488372,mariana,159.27169933361387,16.470516628334604,154.834151452,0.0
mariana_03,112,82,5.1,1.0151695415070312,0.07936177705557446,6.47,5109541642562.662,112.0,35.44927554621151,30.05,88.825,0.6696428571428571,0.0089285714285714,0.4285714285714285,0.1160714285714285,0.0803571428571428,0.375,mariana,944.7234427137782,40.25679377245042,155.392829597,0.0
mariana_04,43,34,5.0,,,6.5,2223176832297.793,43.0,,15.0,5.950000000000003,0.8372093023255814,0.0,0.5116279069767442,0.2093023255813953,0.0697674418604651,0.2093023255813953,mariana,544.7784273155281,29.03769591901942,155.5040635845,1.0
mariana_05,39,16,5.399999999999999,,,7.41,26580737165608.383,39.0,,15.0,3.549999999999997,0.8974358974358975,0.2564102564102564,0.282051282051282,0.4615384615384615,0.0,0.2564102564102564,mariana,1460.4291391024226,12.691441504016597,154.9434392975,1.0
mariana_06,38,23,5.1,,,6.46,2044623693020.6763,38.0,,18.45,27.05,0.8157894736842105,0.1052631578947368,0.3157894736842105,0.2368421052631578,0.1052631578947368,0.3421052631578947,mariana,1593.4938546436206,33.01725726169127,153.278155329,1.0
mariana_07,100,50,5.3,1.5090148780516102,0.2383093417757643,6.51,4800853234042.804,100.0,54.70811373886387,36.55,139.925,0.61,0.03,0.58,0.07,0.02,0.33,mariana,109.45419768742316,36.11584800140666,150.914399181,1.0
mariana_08,23,19,5.1000000000000005,,,7.72,69520105401468.22,,,,,,,,,,,,,,,
mariana_09,63,34,5.2,,,7.25,18892828479227.93,63.0,60.43000035833513,139.0,106.1,0.1746031746031746,0.0317460317460317,0.1746031746031746,0.1746031746031746,0.0952380952380952,0.5555555555555556,mariana,2002.9431402853693,29.758259733584044,147.989131207,1.0
mariana_10,37,24,5.1,,,6.26,1492088586280.3838,37.0,,23.6,39.0,0.7837837837837838,0.0,0.2432432432432432,0.3513513513513513,0.054054054054054,0.3513513513513513,mariana,755.0571154042681,37.92203607927348,146.542911771,1.0
mariana_11,42,35,5.0,,,6.58,2321526837283.8936,42.0,,15.0,8.825,0.8333333333333334,0.0238095238095238,0.1666666666666666,0.3571428571428571,0.119047619047619,0.3571428571428571,mariana,116.45366461884676,43.78986410851366,145.039474466,1.0
mariana_12,92,37,5.299999999999999,,,7.61,78890246589062.5,92.0,60.99755779672381,26.85,100.7,0.6195652173913043,0.0217391304347826,0.358695652173913,0.3152173913043478,0.0652173913043478,0.2608695652173913,mariana,57.45671286946473,31.87481449915537,142.979381712,1.0
mariana_13,62,26,5.299999999999999,,,6.54,2984514629142.9155,62.0,53.80892051947724,31.6,101.7,0.6612903225806451,0.0,0.4354838709677419,0.0806451612903225,0.0806451612903225,0.4032258064516129,mariana,556.0326273144348,6.913928085698944,140.553789568,1.0
middle_america_01,358,230,5.199999999999999,0.8691179921495511,0.04770595821090559,7.71,131183872782237.92,358.0,18.554815808023392,38.3,40.6,0.8491620111731844,0.0195530726256983,0.5139664804469274,0.2150837988826815,0.0223463687150838,0.2486033519553072,middle_america,57.28179849207599,4.603272828255717,24.6688838032,1.0
middle_america_02,263,153,5.199999999999999,0.958970352593411,0.07470326303030572,7.37,61627457282227.36,263.0,38.214840994154784,26.3,35.45,0.8479087452471483,0.0038022813688212,0.6692015209125475,0.1482889733840304,0.0,0.182509505703422,middle_america,52.75180724623426,4.96343236824802,25.0418086329,1.0
middle_america_03,163,106,5.1,0.9281293363254963,0.07520368033635773,6.84,12546021858024.916,163.0,37.61986652073992,28.0,55.900000000000006,0.7239263803680982,0.0061349693251533,0.4969325153374233,0.2269938650306748,0.0061349693251533,0.2699386503067484,middle_america,48.57872027812107,5.620023072717938,24.74182262755,1.0
middle_america_04,124,63,5.199999999999999,0.9771625842823142,0.14756138034046037,8.23,416129394111343.7,124.0,23.23259703473719,31.1,36.55,0.7983870967741935,0.0,0.3709677419354839,0.282258064516129,0.0725806451612903,0.2741935483870967,middle_america,148.53312261085273,13.135779527869962,22.8321716964,1.0
middle_america_05,31,7,5.599999999999998,,,7.75,98044494125114.16,31.0,,24.0,17.049999999999997,1.0,0.064516129032258,0.5806451612903226,0.1935483870967742,0.0,0.2258064516129032,middle_america,540.3037762485563,32.93941429753217,15.0749539211,1.0
middle_america_06,103,35,5.399999999999999,,,7.46,57107695043942.1,103.0,,19.4,13.6,0.9902912621359224,0.0097087378640776,0.8543689320388349,0.0485436893203883,0.0097087378640776,0.087378640776699,middle_america,491.31392621966535,52.10972326140002,13.842908638250002,1.0
middle_america_07,54,37,5.1,,,7.35,31095928156751.152,54.0,,24.65,14.6,1.0,0.074074074074074,0.7592592592592593,0.1296296296296296,0.0555555555555555,0.0555555555555555,middle_america,241.57094589974164,25.89053171269789,12.96520742005,1.0
middle_america_08,55,45,5.1000000000000005,,,7.27,22279844732209.12,55.0,,27.2,23.6,0.9818181818181818,0.0,0.7454545454545455,0.2,0.0181818181818181,0.0363636363636363,middle_america,74.14289854310923,11.8887502309229,12.310428361,1.0
middle_america_09,36,20,5.3,,,7.96,211843326084670.7,36.0,,49.0,32.625,0.8611111111111112,0.0,0.3888888888888889,0.3888888888888889,0.0,0.2222222222222222,middle_america,42.43781345959613,8.131764542609542,6.91094941999,1.0
middle_america_10,33,19,5.199999999999999,,,7.16,26642613710312.367,33.0,,32.0,31.5,0.8787878787878788,0.0,0.6666666666666666,0.2121212121212121,0.0606060606060606,0.0606060606060606,middle_america,44.04525455730922,23.116097083887745,3.98279082243,1.0
middle_america_11,47,21,5.499999999999999,,,7.47,32387751808729.176,47.0,,18.0,6.25,0.9787234042553192,0.0638297872340425,0.425531914893617,0.0638297872340425,0.425531914893617,0.0851063829787234,middle_america,983.7161324735456,89.84353308204459,4.66094716411,1.0
new_britain_01,238,174,5.199999999999999,0.7652378719105376,0.04746737470567646,7.39,83862805809948.39,238.0,54.418839899507,47.15,57.24999999999999,0.7226890756302521,0.0042016806722689,0.6176470588235294,0.1050420168067226,0.1260504201680672,0.1512605042016806,new_britain,1508.7304799328908,63.68416837616967,33.3318045848,0.0
new_britain_02,110,86,5.1,0.7556003528966145,0.07018245082819768,7.32,39181912095768.88,110.0,48.590042738002175,27.0,20.675000000000004,0.8818181818181818,0.0909090909090909,0.6181818181818182,0.1818181818181818,0.0272727272727272,0.1727272727272727,new_britain,226.04037528175536,23.17220469727877,44.1388600369,0.0
new_britain_03,510,189,5.499999999999998,0.8380810402257968,0.04875445986543894,7.46,138017833601990.31,510.0,53.58617041454958,32.0,33.175000000000004,0.8137254901960784,0.0588235294117647,0.6235294117647059,0.1098039215686274,0.1,0.1666666666666666,new_britain,228.2072620055203,27.33685490242084,41.9920882573,1.0
new_britain_04,659,363,5.299999999999998,0.8312184800742383,0.042947710328039436,8.0,780704530206544.4,659.0,51.150634450331744,40.0,36.2,0.8057663125948407,0.0440060698027314,0.5978755690440061,0.0910470409711684,0.1047040971168437,0.2063732928679817,new_britain,175.20536348798123,43.49317378862271,36.9098973802,1.0
new_hebrides_01,884,591,5.199999999999999,0.800611493823331,0.030333271028963063,7.82,516469531060785.4,884.0,,48.95,110.25,0.5565610859728507,0.0113122171945701,0.7918552036199095,0.0339366515837104,0.0429864253393665,0.1312217194570135,new_hebrides,1109.153134486165,27.21209418373944,,1.0
new_hebrides_02,6,0,5.3,,,5.19,48087296230.93938,,,,,,,,,,,,,,,
new_hebrides_03,9,2,5.499999999999999,,,6.77,2561204631267.4897,,,,,,,,,,,,,,,
new_hebrides_04,534,365,5.199999999999999,0.8440760697267655,0.03778980788981023,7.42,138059701668558.66,534.0,69.07024462389903,22.1,20.35,0.848314606741573,0.0205992509363295,0.6254681647940075,0.0674157303370786,0.1067415730337078,0.2003745318352059,new_hebrides,172.50285184002087,46.35914798834944,38.23681147845,1.0
new_hebrides_05,150,111,5.1,0.8393990508664643,0.07289253466896024,7.3,39499182159067.65,150.0,65.6474033214091,31.0,100.575,0.7133333333333334,0.06,0.36,0.3466666666666667,0.02,0.2733333333333333,new_hebrides,190.0218347731937,35.90400366423635,34.5784077912,0.0
new_hebrides_06,330,180,5.299999999999999,0.8229603825938008,0.055794877200101956,7.38,104066984800977.8,330.0,65.49638657747366,28.7,80.1,0.7363636363636363,0.0787878787878787,0.4787878787878787,0.3,0.0363636363636363,0.1848484848484848,new_hebrides,2077.7344361763685,99.43840212240283,38.5798779637,0.0
new_hebrides_07,306,213,5.199999999999999,0.8393496474493478,0.05298406994214074,7.53,129442856082245.89,306.0,59.10038398502719,18.75,16.75,0.8660130718954249,0.3398692810457516,0.2777777777777778,0.4444444444444444,0.1045751633986928,0.1732026143790849,new_hebrides,2406.1040097102787,85.07439204810754,41.1375680125,1.0
new_hebrides_08,310,232,5.1,0.8030311612461503,0.0519868273639,7.67,188481996684380.84,310.0,72.29776968714982,19.05,14.075000000000005,0.8903225806451613,0.1870967741935484,0.3838709677419354,0.2806451612903226,0.1548387096774193,0.1806451612903225,new_hebrides,2487.456112354016,120.22174086922064,36.0671845452,1.0
new_hebrides_09,208,116,5.299999999999999,1.1035741489764979,0.1037382121542723,7.68,77561947483787.95,208.0,75.93322187827498,21.3,14.6,0.8557692307692307,0.1153846153846153,0.4567307692307692,0.2451923076923076,0.0913461538461538,0.2067307692307692,new_hebrides,145.49580205643036,60.34162312830313,34.89839903555,1.0
palau_01,4,2,5.000000000000001,,,6.06,294674204135.23035,,,,,,,,,,,,,,,
peru-chile_01,214,118,5.3,0.8889288614845423,0.08581042150616203,8.78,2639808279819548.5,214.0,31.59744845793137,19.15,14.374999999999998,0.9205607476635514,0.0607476635514018,0.7336448598130841,0.1448598130841121,0.0093457943925233,0.1121495327102803,peru-chile,35.79994939941949,10.06306678238992,35.2543803918,1.0
peru-chile_02,122,68,5.3,0.9174285420758344,0.11563277119347319,7.94,168431344376023.6,122.0,,23.2,12.975,0.9918032786885246,0.0081967213114754,0.918032786885246,0.040983606557377,0.0,0.040983606557377,peru-chile,391.231036226488,14.543590592400072,37.1434868571,1.0
peru-chile_03,144,109,5.2,0.8743645830708267,0.07799058960864849,7.37,49491044056237.17,144.0,22.936290683053425,33.95,25.85,0.8333333333333334,0.0138888888888888,0.7708333333333334,0.0555555555555555,0.0277777777777777,0.1458333333333333,peru-chile,424.59360065698223,27.998191125541663,38.83605809475,1.0
peru-chile_04,139,90,5.2,0.7607338141551707,0.0741165976709928,8.27,477557402961423.06,139.0,26.974172489425865,35.4,19.9,0.9280575539568344,0.014388489208633,0.8561151079136691,0.0431654676258992,0.014388489208633,0.0863309352517985,peru-chile,94.85995503773552,19.87833136185064,39.9077606987,1.0
peru-chile_05,94,65,5.2,0.8441728864746225,0.09060974951846254,6.79,17207785112776.588,94.0,23.389619122684326,40.95,26.550000000000004,0.8936170212765957,0.0212765957446808,0.6914893617021277,0.0957446808510638,0.0425531914893617,0.1702127659574468,peru-chile,98.50965180525353,13.244137085150204,41.4027289555,1.0
peru-chile_06,58,27,5.3999999999999995,,,6.86,10278909225458.506,58.0,22.934176971017735,35.7,25.375,0.8793103448275862,0.0344827586206896,0.7586206896551724,0.1034482758620689,0.0172413793103448,0.1206896551724138,peru-chile,76.52618766887119,13.454632111384026,45.4158343178,1.0
peru-chile_07,66,36,5.3999999999999995,,,6.83,12313231552291.887,66.0,22.954557302719323,31.75,45.575,0.7878787878787878,0.0151515151515151,0.5303030303030303,0.0909090909090909,0.0151515151515151,0.3636363636363636,peru-chile,99.1165928243011,6.665367512223049,46.363136139000005,1.0
peru-chile_08,52,27,5.3999999999999995,,,7.62,60369728773228.45,52.0,19.835245581597544,34.7,41.69999999999999,0.8269230769230769,0.0,0.6730769230769231,0.1346153846153846,0.0192307692307692,0.173076923076923,peru-chile,87.06834362917351,16.437582198306515,47.1846243543,1.0
peru-chile_09,58,40,5.3,,,7.99,224137386351059.88,58.0,22.11669258799373,57.1,54.80000000000001,0.6206896551724138,0.0,0.5,0.2413793103448276,0.0,0.2586206896551724,peru-chile,1404.683530374892,121.42728555593416,50.0979207156,1.0
peru-chile_10,221,145,5.199999999999999,0.921326991601631,0.07445222970371963,7.73,157341996343599.66,221.0,14.351813324416636,29.6,55.6,0.7330316742081447,0.004524886877828,0.6244343891402715,0.1402714932126696,0.0316742081447963,0.2036199095022624,peru-chile,913.8067873924584,54.68500946643779,53.3995040347,1.0
philippine_01,68,32,5.399999999999999,,,7.22,30087520316978.156,68.0,,19.65,10.675,0.9264705882352942,0.0441176470588235,0.2794117647058823,0.1323529411764706,0.2647058823529412,0.3235294117647059,philippine,343.46064300845734,61.23864202351909,70.5957304179,1.0
philippine_02,105,50,5.399999999999999,0.7864804090967954,0.1037513571325254,7.15,42604004128339.28,105.0,,19.1,11.4,0.9523809523809524,0.0666666666666666,0.4476190476190476,0.1428571428571428,0.2285714285714285,0.1809523809523809,philippine,808.8802720645219,67.54439665076481,71.0641664702,1.0
philippine_03,78,18,5.599999999999999,,,6.8,8046745994891.026,78.0,,17.35,13.075,0.9743589743589745,0.0256410256410256,0.717948717948718,0.0641025641025641,0.1282051282051282,0.0897435897435897,philippine,571.3593644359396,75.88293865566041,,1.0
philippine_04,206,127,5.199999999999999,1.1755200170868065,0.10569663365518088,7.62,63183052912090.445,206.0,43.93858424084157,21.35,19.275,0.9320388349514565,0.1601941747572815,0.4951456310679611,0.2087378640776699,0.1262135922330097,0.1699029126213592,philippine,319.6022736469283,38.41082931625399,75.2891207041,1.0
philippine_05,137,86,5.199999999999999,0.9203875170941263,0.08003666923837208,6.9,15996183529497.945,137.0,34.72570966413539,25.5,19.5,0.9635036496350364,0.0,0.8029197080291971,0.0437956204379562,0.0583941605839416,0.0948905109489051,philippine,296.0236126765987,30.513159325888832,77.04037028885,1.0
philippine_06,112,58,5.3999999999999995,0.9377915096942874,0.12895770505849943,7.52,69025636722242.85,112.0,37.67485502845499,27.9,30.875,0.8660714285714286,0.0446428571428571,0.5267857142857143,0.1428571428571428,0.1160714285714285,0.2142857142857142,philippine,129.90302576609017,10.120918201545456,78.87340046995001,1.0
philippine_07,297,225,5.1,0.8569346525320672,0.05046626761138842,7.43,76642539409807.0,297.0,25.841526394485108,74.0,77.2,0.468013468013468,0.0101010101010101,0.5387205387205387,0.0572390572390572,0.101010101010101,0.303030303030303,philippine,412.1888094369988,11.767179058133753,72.38124653625,1.0
philippine_08,346,180,5.299999999999999,1.0396729185075826,0.07467030481841076,7.49,73358712205274.33,346.0,12.885131486606197,36.0,51.275,0.7225433526011561,0.0086705202312138,0.6560693641618497,0.0375722543352601,0.0693641618497109,0.2369942196531791,philippine,340.8562165662486,22.967462020976672,69.95769262895,1.0
philippine_09,170,97,5.299999999999999,1.0719227670385572,0.09689496491202573,6.96,22487417165283.957,170.0,14.244603479679764,35.900000000000006,28.349999999999994,0.8647058823529412,0.0,0.6941176470588235,0.0588235294117647,0.0411764705882352,0.2058823529411764,philippine,369.6220187963088,22.28910512858687,70.29476932649999,1.0
philippine_10,126,68,5.299999999999999,1.0634506578833636,0.09873976045619288,6.54,8756052922188.692,126.0,53.94545763486839,40.650000000000006,99.45,0.6507936507936508,0.0,0.4047619047619047,0.0634920634920634,0.0952380952380952,0.4365079365079365,philippine,275.71435860001486,17.245383983857508,62.3569945405,1.0
philippine_11,149,74,5.299999999999999,1.0320421214142763,0.11536180514069644,6.94,19692238370014.215,149.0,12.471988417308989,103.1,87.8,0.3892617449664429,0.0,0.3758389261744966,0.046979865771812,0.1342281879194631,0.4429530201342282,philippine,1323.40860641284,28.10788212356656,,0.0
puysegur_01,104,65,5.2,0.7650173800463803,0.10138459952777956,7.78,104799021263969.58,104.0,,18.3,9.125,0.9807692307692308,0.0,0.4519230769230769,0.0192307692307692,0.3557692307692308,0.173076923076923,puysegur,656.5431161939779,43.66497873917808,25.8004526667,1.0
ryukyu_01,95,48,5.199999999999999,,,6.97,6354525783515.914,95.0,34.36842659644664,24.9,30.1,0.8842105263157894,0.0210526315789473,0.5894736842105263,0.1789473684210526,0.0631578947368421,0.1684210526315789,ryukyu,2591.906620480183,102.97618198542898,69.2139929251,1.0
ryukyu_02,64,30,5.099999999999999,,,6.01,909644956717.3784,64.0,,12.4,6.050000000000001,0.984375,0.015625,0.078125,0.515625,0.3125,0.09375,ryukyu,2746.4270977486235,133.73567639692803,77.1929052911,1.0
ryukyu_03,123,75,5.199999999999999,0.9030242900677501,0.09837592841961633,7.1,16623532968602.213,123.0,40.63234126463414,26.7,28.55,0.8617886178861789,0.016260162601626,0.3333333333333333,0.2357723577235772,0.1056910569105691,0.3252032520325203,ryukyu,2252.6998156504405,53.96690755837204,83.5348563768,1.0
ryukyu_04,35,17,5.299999999999999,,,6.35,1084416325087.2563,35.0,,31.8,12.200000000000005,1.0,0.0,0.5714285714285714,0.2571428571428571,0.0285714285714285,0.1428571428571428,ryukyu,2180.4021442454923,134.35936345791703,76.46720621845,1.0
ryukyu_05,28,6,5.6999999999999975,,,6.02,783315921532.7909,,,,,,,,,,,,,,,
ryukyu_06,68,39,5.199999999999999,,,6.66,4485509560032.638,68.0,48.03196680828867,31.1,35.75,0.7794117647058824,0.0147058823529411,0.6617647058823529,0.1176470588235294,0.0147058823529411,0.2058823529411764,ryukyu,2331.8255464406134,80.36394768052297,65.4720737749,1.0
ryukyu_11,44,20,5.199999999999999,,,6.26,1512542360420.2473,44.0,,21.65,34.175,0.7954545454545454,0.0,0.3181818181818182,0.2045454545454545,0.1363636363636363,0.3409090909090909,ryukyu,2363.868671965388,79.07097210192902,56.9460196895,1.0
ryukyu_12,11,7,5.1,,,6.58,1582493654802.7913,,,,,,,,,,,,,,,
ryukyu_13,23,14,5.1,,,5.74,268571358617.8223,,,,,,,,,,,,,,,
san_cristobal_01,203,162,5.1000000000000005,0.6989440300847097,0.04621260394468,7.53,116234680713303.33,203.0,,21.8,18.950000000000003,0.9064039408866996,0.0,0.5320197044334976,0.064039408866995,0.1921182266009852,0.2118226600985221,san_cristobal,677.7699964111063,11.88306983571598,,1.0
san_cristobal_02,232,127,5.299999999999999,0.794746386191829,0.06850055947987788,7.8,209223202826591.47,232.0,37.90460669046173,41.5,39.02499999999999,0.7758620689655172,0.0,0.5948275862068966,0.0387931034482758,0.0603448275862069,0.3060344827586206,san_cristobal,1103.6049471196638,34.3184869281865,45.9861189332,1.0
san_cristobal_03,136,93,5.199999999999999,0.8350090307422464,0.08931231238191073,7.63,110092405550602.98,136.0,,21.85,19.425,0.9705882352941176,0.0367647058823529,0.5220588235294118,0.0808823529411764,0.1176470588235294,0.2794117647058823,san_cristobal,586.6854167682172,51.58509933450915,40.5124026539,1.0
san_cristobal_04,520,338,5.199999999999999,0.8494388917498923,0.04216362750356745,7.91,267344343220593.84,520.0,11.200524291347833,18.7,18.77500000000001,0.946153846153846,0.0307692307692307,0.4038461538461538,0.2096153846153846,0.175,0.2115384615384615,san_cristobal,66.03270532647116,50.33875005488117,34.3843606592,1.0
tonga_01,276,102,5.499999999999998,1.2873594058160822,0.17900255821391553,8.03,330647753952093.56,276.0,41.16139759395564,27.15,96.175,0.6992753623188406,0.0289855072463768,0.5942028985507246,0.1159420289855072,0.0326086956521739,0.2572463768115942,tonga,118.87769760363624,15.371080514565412,89.98854792585,1.0
tonga_02,329,154,5.399999999999999,1.3275377176081886,0.09265109843061362,6.9,20963159169043.676,329.0,42.67361849724268,18.0,13.1,0.8905775075987842,0.0121580547112462,0.8115501519756839,0.033434650455927,0.0243161094224924,0.1306990881458966,tonga,93.62435760888609,20.958373362827004,95.062603379,1.0
tonga_03,243,113,5.3,0.975651619385039,0.08020136424209809,7.97,170178418237912.78,243.0,42.19420622040802,19.4,26.05,0.8024691358024691,0.0164609053497942,0.6625514403292181,0.074074074074074,0.0288065843621399,0.2345679012345679,tonga,93.98992980145012,15.323219657105264,97.7307256699,1.0
tonga_04,248,106,5.399999999999999,1.2636622311760737,0.12215202221818337,7.06,24651736703652.84,248.0,50.47197245070744,18.75,115.575,0.6935483870967742,0.1008064516129032,0.4596774193548387,0.2459677419354838,0.0080645161290322,0.2862903225806452,tonga,106.03445648902996,12.273662218382348,100.599956327,1.0
tonga_05,245,62,5.599999999999998,1.136608606078575,0.1515254466473373,7.23,43054779404999.36,245.0,48.39783922527936,21.8,77.8,0.6938775510204082,0.1061224489795918,0.4938775510204081,0.1959183673469387,0.0122448979591836,0.2979591836734694,tonga,104.09766550851356,10.77587878565124,103.7996047535,1.0
tonga_06,255,118,5.399999999999999,1.4558735472893114,0.13736855165968184,7.28,28568376940136.98,255.0,38.502704336490254,22.8,43.55,0.7803921568627451,0.0470588235294117,0.5215686274509804,0.1529411764705882,0.0274509803921568,0.2980392156862745,tonga,465.2664414648933,37.0412043142772,107.440708569,1.0
tonga_07,475,300,5.299999999999999,0.942479344408097,0.04595962480457451,8.08,325229798322150.25,475.0,44.33153106629191,23.7,39.15,0.8336842105263158,0.0147368421052631,0.2589473684210526,0.12,0.0463157894736842,0.5747368421052632,tonga,1046.339767687312,33.63072941043951,110.436057725,1.0
yap_01,12,7,5.1000000000000005,,,6.26,704387917846.6758,,,,,,,,,,,,,,,
yap_02,13,7,5.1000000000000005,,,5.98,325059786552.34595,,,,,,,,,,,,,,,
yap_03,30,19,5.1,,,6.44,2278704515655.2227,30.0,,15.0,6.125,1.0,0.0333333333333333,0.2333333333333333,0.1333333333333333,0.4666666666666667,0.1666666666666666,yap,877.9041722249905,27.69518917348055,144.761603146,1.0
yap_04,64,45,5.1,,,6.59,3342085795326.6177,64.0,,15.65,14.075000000000005,0.984375,0.046875,0.375,0.484375,0.0625,0.078125,yap,1529.5014838599486,42.31302064780829,147.298905644,1.0
yap_05,61,41,5.1,,,6.89,6551552227259.416,61.0,,15.0,9.6,0.9672131147540984,0.0655737704918032,0.2786885245901639,0.5901639344262295,0.0163934426229508,0.1147540983606557,yap,1580.9450579904967,42.79822880548095,149.188211081,0.0
