segment,trench,n_profiles,n_samples,w0_m,te_km,loss_data,loss_phys,loss_bc,rms_fit_m,mad_profiles_m
aleutian_01,aleutian,8,538,1601.9948480176208,7.36774914996742,0.0035207261868446292,0.03013899485736983,7.308333067623486e-10,95.05549774978664,58.980887114537154
aleutian_02,aleutian,8,537,1462.0941442731282,7.989033130554138,0.0029013905581840665,0.011372035443015172,1.13421600498498e-07,78.755054152295,79.61409801762147
aleutian_03,aleutian,8,537,1832.8358601321593,8.827263421336568,0.0005250062877200492,0.0008524869659311074,4.7139209573186666e-07,41.99579680879864,30.214422907488824
aleutian_04,aleutian,8,543,2061.039008810573,9.230749988129087,0.00038502984784358213,0.0014096979204006122,7.611126696691665e-10,40.44207316037794,39.556841409690605
aleutian_05,aleutian,8,546,1614.3424251101324,8.645547457259145,0.0008976712554827717,0.006111105496916935,8.231852138563538e-08,48.36757565208607,37.690464207048535
aleutian_06,aleutian,8,550,693.8334162995598,9.329874321768656,0.014861164974564125,0.09230353020486268,2.921264853223475e-06,84.58271865237381,117.38876872246692
aleutian_07,aleutian,7,550,755.6057929515418,18.02257659809794,0.022209788737581195,0.001163167529146026,9.822400124458728e-07,112.60754557908045,52.31568061673988
hikurangi_01,hikurangi,6,540,2907.295810572687,66.95644064192315,0.012795694058630465,0.0019032534294407108,1.9246062622239083e-06,328.86764343907987,46.02194493392072
izu-bonin_01,izu-bonin,8,549,3306.7090969162996,9.595293785121092,0.0018052656547019128,0.0005285783373564501,3.6917043672957652e-09,140.49683794681135,410.90494493392043
izu-bonin_02,izu-bonin,8,550,3513.8588480176218,10.443272039871513,0.0004964450591689991,0.0015644913865888494,4.561344819099139e-08,78.2924544399656,77.14144878854631
izu-bonin_03,izu-bonin,8,547,3418.7120682819377,10.836315052082915,0.00039279967428844885,0.0015776273038614408,9.043580762378039e-08,67.75605073837288,89.54294933920664
izu-bonin_04,izu-bonin,8,542,3132.921317180617,11.760575846917382,0.001642887699696098,0.003987028599129785,1.927588578410988e-07,126.98529342039936,41.01463931718058
japan_01,japan,8,546,1423.7685462555069,9.811684686884089,0.0027655626028013918,0.01743228532967972,5.702533470349882e-07,74.87401829956902,64.20373127753328
japan_02,japan,8,550,1749.5267731277536,10.090433618329333,0.0031208396968610565,0.001684131518904266,3.993635799799597e-08,97.73639671227625,48.806833700441075
japan_03,japan,8,534,1798.5191872246692,10.189766271032962,0.00468508272691744,0.01136966172302899,2.754157753858848e-08,123.10443728563338,87.76145814977963
kermadec_01,kermadec,8,551,2214.773795154185,12.691826354524865,0.000983627100626079,0.0019553629196229594,1.2905373964437488e-07,69.46157384993762,92.57442951541816
kermadec_02,kermadec,8,551,3401.942863436124,10.064859633518168,0.0009622419755997029,0.0005984069393721767,5.743913878517745e-08,105.52835402124136,72.75307709251092
kermadec_03,kermadec,8,545,3452.0837114537444,10.173406399910355,0.0010452461034163982,0.0003960379436420884,8.751374912922676e-09,111.60678484767392,111.88229295154179
kermadec_04,kermadec,8,548,3673.740218061674,9.945871669598054,0.0006581726942536964,0.0009684774727948327,6.010010498241115e-08,94.24935201872945,108.36191905286341
kermadec_05,kermadec,8,549,2974.398309471365,7.373396735950778,0.0011788628637855053,0.0012892787390198727,6.148361739418224e-08,102.12469418504938,81.30474008810552
kuril-kamchatka_01,kuril-kamchatka,8,549,2712.394264317181,9.265993774737385,0.0009753157321663812,0.0049192783839161845,5.87580487162228e-08,84.7081958644794,106.93210352422875
kuril-kamchatka_02,kuril-kamchatka,8,549,2540.1142466960355,7.548776635555282,0.0016640587892862413,0.01350685357016745,2.339450152482148e-08,103.61856726393123,107.6349977973573
kuril-kamchatka_03,kuril-kamchatka,8,547,1490.2170892070485,7.15897004569155,0.0017338083784727845,0.006557108441006503,3.864950259413662e-08,62.05118619490138,86.20825770925012
kuril-kamchatka_04,kuril-kamchatka,8,547,2931.0061475770917,13.124463519947117,0.006011646596960471,0.013846322199057954,1.748037512408449e-08,227.2550016467601,465.4100914096907
kuril-kamchatka_05,kuril-kamchatka,5,547,1017.45149339207,4.023013855629666,0.017321856866209035,0.13367565121381958,2.954344471858409e-07,133.90936061026736,90.59886784140872
manila_01,manila,8,545,1220.169317180617,6.6481590446560075,0.023316434285882634,0.004059396253782538,5.515222302585986e-07,186.3164358543385,293.76361233480213
manila_02,manila,8,550,3433.6791189427313,48.18667354933093,0.044735766702931105,0.050730522771948214,1.3933458341407022e-05,726.2516797370085,313.62423458149794
mariana_01,mariana,8,549,6440.062629955946,19.562069216659975,0.0034571018527761216,0.019273367559042475,4.0305884699028825e-07,378.65716442245946,411.48098237885415
mariana_02,mariana,8,550,3654.614774229075,9.62635210595024,0.0011567298134742194,0.0002663507711674941,1.607746168036184e-08,124.29611947484219,86.31262885462502
mariana_03,mariana,8,549,3024.833275330397,10.556958477844107,0.002107430507288245,0.002701053059088402,3.6197604458993665e-08,138.8602917049075,389.3329812775328
mariana_04,mariana,8,549,1742.4297973568282,6.569124424117021,0.02171163598053061,0.04344246502427658,4.45876344786782e-06,256.7447453129477,349.0719162995597
mariana_05,mariana,8,547,1484.7557533039649,8.806703508687736,0.00938764219326889,0.0022572842191360652,2.66924848433602e-07,143.85775578999787,263.2979581497798
mariana_06,mariana,8,545,2730.7293270925106,9.943981120097428,0.0038318568686188754,0.0037464054690412836,6.347982830193847e-08,169.0375905854704,157.56501872246645
middle_america_01,middle_america,8,551,2504.0776079295156,7.986459336285487,0.0005476045354141035,0.00034975340587746544,3.624384336201704e-07,58.59779888592899,45.686431718061385
middle_america_02,middle_america,8,549,2382.9005726872247,7.663384393628312,0.0007808179707391344,8.711305105603638e-05,6.020403266336186e-08,66.58567730750127,67.38673127753304
middle_america_03,middle_america,8,550,1413.608883259912,7.441042418796574,0.002829016654921981,0.008712807121684457,4.389814952767503e-07,75.18773771741733,101.17925220264317
middle_america_04,middle_america,8,547,1866.9236079295156,9.365325562136631,0.0014882954941474276,0.005182410697305768,1.928647794137986e-07,72.02298735879101,86.8293303964756
middle_america_05,middle_america,8,521,1481.6135748898678,10.900637931472419,0.005657652402961135,0.0030069090456693987,5.105183379960412e-08,111.44307304435823,162.55554955947173
middle_america_06,middle_america,8,544,907.8701850220264,4.883634324510228,0.0255893924013943,0.14148721359397837,1.7828299475680068e-09,145.22913172752732,123.57105011013198
new_britain_01,new_britain,8,545,5506.446178414097,29.777990227548784,0.01851365886438841,0.0064072999195845205,3.8086083803417326e-06,749.2340861034895,410.3253810572686
new_britain_02,new_britain,8,550,6127.3135859030845,22.55756712946244,0.00628599948664388,0.02150188702719358,4.225342996519092e-08,485.7997399501211,746.4192488986787
new_britain_03,new_britain,6,549,6037.56742951542,18.42132819929511,0.0070470393173997095,0.019694756748807565,1.926228691108677e-07,506.83353364792254,228.91592290748906
new_hebrides_01,new_hebrides,8,497,3269.2356123348018,27.565140400612798,0.011751381538102769,0.03611050516893666,2.9050564179792418e-06,354.3975285444347,572.0505925110131
new_hebrides_02,new_hebrides,8,549,4907.064973568282,24.49880363650208,0.008746290104641586,0.011704304909880626,6.880423270441298e-07,458.9165791251023,296.2155715859021
new_hebrides_03,new_hebrides,8,550,5017.30872907489,10.19825351553812,0.0032911087332366763,0.021745646254242912,8.665039710226017e-07,287.833899003048,389.51563325991174
new_hebrides_04,new_hebrides,8,550,5034.919376651982,16.729763081485906,0.00388239582038836,0.011960113580759029,2.1458953396233427e-07,313.72015870620237,308.2017852422907
palau_01,palau,8,534,2631.6254779735677,8.559644548162428,0.003013573802337798,0.0016022674360931593,1.602498330914377e-08,144.46578381892195,116.24133149779686
peru-chile_01,peru-chile,8,518,1200.1513105726872,8.897159021430477,0.003379004559144156,0.002601988298819563,8.180360761108165e-09,69.76384244295477,139.01190473568283
peru-chile_02,peru-chile,8,549,2073.9939724669607,9.274299176744442,0.0012400922467917846,0.00017408236888124122,1.0710292894338687e-08,73.03558059167382,92.73096035242224
peru-chile_03,peru-chile,8,545,2524.75845154185,9.821481285332716,0.0014463675047971826,0.0013529023801850653,9.05573229935323e-08,96.01943865471333,100.63438766519835
peru-chile_04,peru-chile,8,550,3366.9302929515416,8.64029521085017,0.0015021026969062748,0.0027252850871132507,3.385142005498751e-08,130.49201519736312,169.9914768722466
peru-chile_05,peru-chile,8,550,3379.5643325991186,9.97083651244833,0.0014297861649793639,0.008845770218512326,8.496348722356624e-08,127.789821404952,127.12286343612323
philippine_01,philippine,8,550,2066.337189427313,7.845490050163342,0.0027666823759135853,0.005826249720950122,3.212085095971945e-08,108.68781146177024,152.11383975770923
philippine_02,philippine,8,545,3054.5760770925103,8.831488492306194,0.0007152623426940282,0.0019695108069369147,2.6765224756074215e-08,81.69277081933548,62.12549008810447
philippine_03,philippine,8,551,3547.015817180617,8.650847766093944,0.0004840937886754701,0.0003150744935222815,1.310089396434709e-08,78.04190829162987,118.1806255506608
philippine_04,philippine,8,550,3624.4045209251094,8.134630310525841,0.008995770233500422,0.0005162282821273541,6.166078093972265e-07,343.76039572012866,173.35774008810586
philippine_05,philippine,8,548,2339.276905286344,11.198788038792896,0.006642262415178514,0.006351872575324609,4.792658004834222e-07,190.6512459558481,522.3015743392071
puysegur_01,puysegur,8,550,1374.2145859030843,4.798351082088635,0.006005414308431669,0.016688421255382477,5.477419990478495e-06,106.49422099141027,101.80161453744495
ryukyu_01,ryukyu,8,513,2227.725627753304,6.408625111679661,0.011521907726501504,0.09696861379566918,2.0854865870477853e-07,239.1244022582066,426.4461960352419
ryukyu_02,ryukyu,8,491,1129.4631861233474,5.872935129811916,0.012472724973305755,0.04769387050146615,1.709320483251714e-06,126.13997863761534,339.79004845815007
ryukyu_03,ryukyu,6,542,1331.446325991189,7.659512802679861,0.008992788090642977,0.042364980138454175,1.326404608912932e-07,126.26147062171263,127.9701294052868
san_cristobal_01,san_cristobal,8,549,2315.9795682819386,8.671444577888796,0.010552758504001872,0.006718974001862584,2.552183990990125e-07,237.91275357272713,418.6659713656388
san_cristobal_02,san_cristobal,8,551,4076.4349845814977,11.067617388609923,0.0029788629653289362,0.006907080960232334,5.349046795812845e-07,222.48758535124284,257.1190682819383
tonga_01,tonga,8,551,4146.158817180618,10.113888725206193,0.0003989232167691964,0.0015378153515232013,1.7006594709126338e-07,82.81148827089189,47.82527533039638
tonga_02,tonga,8,550,4127.734187224669,10.659386514093947,0.00042166137835332094,0.001959078576827298,7.214885741136758e-08,84.76052428937618,73.6174620044053
tonga_03,tonga,8,547,3987.4058337004403,9.131287601006935,0.0015376349939495444,0.0009599549444342386,1.906380923509233e-08,156.35690565355765,174.7538920704851
tonga_04,tonga,8,525,2634.12426431718,10.577987997563595,0.0023685570850751213,0.007357518523229639,1.9917303197160937e-08,128.19709587829493,94.59116299559537
vityaz_01,vityaz,3,545,3288.921374449339,8.827271422198578,0.01595414909011939,0.008288056013903651,1.6559283131713452e-06,415.42278638780573,136.65765638766516
yap_01,yap,8,545,3182.7532136563877,4.371457281833862,0.005428462799135254,0.013269642272548433,7.704982691659687e-07,234.49921774847965,207.45245594713697
yap_02,yap,8,550,3089.739525330397,8.596033390121217,0.005520662225408619,0.013461676664473635,6.050496208882815e-08,229.57122767082407,234.17304680616712
yap_03,yap,8,550,5325.222466960352,11.919929070656291,0.0034532168981393405,0.011179797059250655,1.0571034448721175e-08,312.9317899993678,284.78038381057195
